0
SECTION
2
ENTITIES
0
LINE
8
BORDER
10
10.000000
20
10.000000
30
0.000000
11
410.000000
21
10.000000
31
0.000000
0
LINE
8
BORDER
10
410.000000
20
10.000000
30
0.000000
11
410.000000
21
287.000000
31
0.000000
0
LINE
8
BORDER
10
410.000000
20
287.000000
30
0.000000
11
10.000000
21
287.000000
31
0.000000
0
LINE
8
BORDER
10
10.000000
20
287.000000
30
0.000000
11
10.000000
21
10.000000
31
0.000000
0
LINE
8
OUTLINE
10
188.000000
20
232.733333
30
0.000000
11
188.000000
21
216.633333
31
0.000000
0
LINE
8
OUTLINE
10
188.000000
20
232.733333
30
0.000000
11
185.981697
21
232.733333
31
0.000000
0
LINE
8
OUTLINE
10
185.981697
20
232.733333
30
0.000000
11
180.027994
21
232.733333
31
0.000000
0
LINE
8
OUTLINE
10
180.027994
20
232.733333
30
0.000000
11
170.437434
21
232.733333
31
0.000000
0
LINE
8
OUTLINE
10
170.437434
20
232.733333
30
0.000000
11
157.690929
21
232.733333
31
0.000000
0
LINE
8
OUTLINE
10
157.690929
20
232.733333
30
0.000000
11
142.427641
21
232.733333
31
0.000000
0
LINE
8
OUTLINE
10
142.427641
20
232.733333
30
0.000000
11
125.412935
21
232.733333
31
0.000000
0
LINE
8
OUTLINE
10
125.412935
20
232.733333
30
0.000000
11
107.500000
21
232.733333
31
0.000000
0
LINE
8
OUTLINE
10
107.500000
20
232.733333
30
0.000000
11
89.587065
21
232.733333
31
0.000000
0
LINE
8
OUTLINE
10
89.587065
20
232.733333
30
0.000000
11
72.572359
21
232.733333
31
0.000000
0
LINE
8
OUTLINE
10
72.572359
20
232.733333
30
0.000000
11
57.309071
21
232.733333
31
0.000000
0
LINE
8
OUTLINE
10
57.309071
20
232.733333
30
0.000000
11
44.562566
21
232.733333
31
0.000000
0
LINE
8
OUTLINE
10
44.562566
20
232.733333
30
0.000000
11
34.972006
21
232.733333
31
0.000000
0
LINE
8
OUTLINE
10
34.972006
20
232.733333
30
0.000000
11
29.018303
21
232.733333
31
0.000000
0
LINE
8
OUTLINE
10
29.018303
20
232.733333
30
0.000000
11
27.000000
21
232.733333
31
0.000000
0
LINE
8
OUTLINE
10
188.000000
20
216.633333
30
0.000000
11
187.817135
21
215.244338
31
0.000000
0
LINE
8
OUTLINE
10
187.817135
20
215.244338
30
0.000000
11
187.281003
21
213.950000
31
0.000000
0
LINE
8
OUTLINE
10
187.281003
20
213.950000
30
0.000000
11
186.428140
21
212.838527
31
0.000000
0
LINE
8
OUTLINE
10
186.428140
20
212.838527
30
0.000000
11
185.316667
21
211.985664
31
0.000000
0
LINE
8
OUTLINE
10
185.316667
20
211.985664
30
0.000000
11
184.022329
21
211.449531
31
0.000000
0
LINE
8
OUTLINE
10
184.022329
20
211.449531
30
0.000000
11
182.633333
21
211.266667
31
0.000000
0
LINE
8
OUTLINE
10
182.633333
20
211.266667
30
0.000000
11
180.749584
21
211.266667
31
0.000000
0
LINE
8
OUTLINE
10
180.749584
20
211.266667
30
0.000000
11
175.192794
21
211.266667
31
0.000000
0
LINE
8
OUTLINE
10
175.192794
20
211.266667
30
0.000000
11
166.241605
21
211.266667
31
0.000000
0
LINE
8
OUTLINE
10
166.241605
20
211.266667
30
0.000000
11
154.344867
21
211.266667
31
0.000000
0
LINE
8
OUTLINE
10
154.344867
20
211.266667
30
0.000000
11
140.099132
21
211.266667
31
0.000000
0
LINE
8
OUTLINE
10
140.099132
20
211.266667
30
0.000000
11
124.218740
21
211.266667
31
0.000000
0
LINE
8
OUTLINE
10
124.218740
20
211.266667
30
0.000000
11
107.500000
21
211.266667
31
0.000000
0
LINE
8
OUTLINE
10
107.500000
20
211.266667
30
0.000000
11
90.781260
21
211.266667
31
0.000000
0
LINE
8
OUTLINE
10
90.781260
20
211.266667
30
0.000000
11
74.900868
21
211.266667
31
0.000000
0
LINE
8
OUTLINE
10
74.900868
20
211.266667
30
0.000000
11
60.655133
21
211.266667
31
0.000000
0
LINE
8
OUTLINE
10
60.655133
20
211.266667
30
0.000000
11
48.758395
21
211.266667
31
0.000000
0
LINE
8
OUTLINE
10
48.758395
20
211.266667
30
0.000000
11
39.807206
21
211.266667
31
0.000000
0
LINE
8
OUTLINE
10
39.807206
20
211.266667
30
0.000000
11
34.250416
21
211.266667
31
0.000000
0
LINE
8
OUTLINE
10
34.250416
20
211.266667
30
0.000000
11
32.366667
21
211.266667
31
0.000000
0
LINE
8
OUTLINE
10
27.000000
20
216.633333
30
0.000000
11
27.000000
21
232.733333
31
0.000000
0
LINE
8
OUTLINE
10
27.000000
20
216.633333
30
0.000000
11
27.103104
21
215.586426
31
0.000000
0
LINE
8
OUTLINE
10
27.103104
20
215.586426
30
0.000000
11
27.408453
21
214.579745
31
0.000000
0
LINE
8
OUTLINE
10
27.408453
20
214.579745
30
0.000000
11
27.904315
21
213.651970
31
0.000000
0
LINE
8
OUTLINE
10
27.904315
20
213.651970
30
0.000000
11
28.571637
21
212.838748
31
0.000000
0
LINE
8
OUTLINE
10
28.571637
20
212.838748
30
0.000000
11
29.384855
21
212.171276
31
0.000000
0
LINE
8
OUTLINE
10
29.384855
20
212.171276
30
0.000000
11
30.312762
21
211.675248
31
0.000000
0
LINE
8
OUTLINE
10
30.312762
20
211.675248
30
0.000000
11
31.319576
21
211.369809
31
0.000000
0
LINE
8
OUTLINE
10
31.319576
20
211.369809
30
0.000000
11
32.366667
21
211.266667
31
0.000000
0
LINE
8
OUTLINE
10
188.000000
20
216.633333
30
0.000000
11
185.981697
21
216.633333
31
0.000000
0
LINE
8
OUTLINE
10
185.981697
20
216.633333
30
0.000000
11
180.027994
21
216.633333
31
0.000000
0
LINE
8
OUTLINE
10
180.027994
20
216.633333
30
0.000000
11
170.437434
21
216.633333
31
0.000000
0
LINE
8
OUTLINE
10
170.437434
20
216.633333
30
0.000000
11
157.690929
21
216.633333
31
0.000000
0
LINE
8
OUTLINE
10
157.690929
20
216.633333
30
0.000000
11
142.427641
21
216.633333
31
0.000000
0
LINE
8
OUTLINE
10
142.427641
20
216.633333
30
0.000000
11
125.412935
21
216.633333
31
0.000000
0
LINE
8
OUTLINE
10
125.412935
20
216.633333
30
0.000000
11
107.500000
21
216.633333
31
0.000000
0
LINE
8
OUTLINE
10
107.500000
20
216.633333
30
0.000000
11
89.587065
21
216.633333
31
0.000000
0
LINE
8
OUTLINE
10
89.587065
20
216.633333
30
0.000000
11
72.572359
21
216.633333
31
0.000000
0
LINE
8
OUTLINE
10
72.572359
20
216.633333
30
0.000000
11
57.309071
21
216.633333
31
0.000000
0
LINE
8
OUTLINE
10
57.309071
20
216.633333
30
0.000000
11
44.562566
21
216.633333
31
0.000000
0
LINE
8
OUTLINE
10
44.562566
20
216.633333
30
0.000000
11
34.972006
21
216.633333
31
0.000000
0
LINE
8
OUTLINE
10
34.972006
20
216.633333
30
0.000000
11
29.018303
21
216.633333
31
0.000000
0
LINE
8
OUTLINE
10
29.018303
20
216.633333
30
0.000000
11
27.000000
21
216.633333
31
0.000000
0
LINE
8
HIDDEN
10
27.000000
20
232.733333
30
0.000000
11
29.018303
21
232.733333
31
0.000000
0
LINE
8
HIDDEN
10
29.018303
20
232.733333
30
0.000000
11
34.972006
21
232.733333
31
0.000000
0
LINE
8
HIDDEN
10
34.972006
20
232.733333
30
0.000000
11
44.562566
21
232.733333
31
0.000000
0
LINE
8
HIDDEN
10
44.562566
20
232.733333
30
0.000000
11
57.309071
21
232.733333
31
0.000000
0
LINE
8
HIDDEN
10
57.309071
20
232.733333
30
0.000000
11
72.572359
21
232.733333
31
0.000000
0
LINE
8
HIDDEN
10
72.572359
20
232.733333
30
0.000000
11
89.587065
21
232.733333
31
0.000000
0
LINE
8
HIDDEN
10
89.587065
20
232.733333
30
0.000000
11
107.500000
21
232.733333
31
0.000000
0
LINE
8
HIDDEN
10
107.500000
20
232.733333
30
0.000000
11
125.412935
21
232.733333
31
0.000000
0
LINE
8
HIDDEN
10
125.412935
20
232.733333
30
0.000000
11
142.427641
21
232.733333
31
0.000000
0
LINE
8
HIDDEN
10
142.427641
20
232.733333
30
0.000000
11
157.690929
21
232.733333
31
0.000000
0
LINE
8
HIDDEN
10
157.690929
20
232.733333
30
0.000000
11
170.437434
21
232.733333
31
0.000000
0
LINE
8
HIDDEN
10
170.437434
20
232.733333
30
0.000000
11
180.027994
21
232.733333
31
0.000000
0
LINE
8
HIDDEN
10
180.027994
20
232.733333
30
0.000000
11
185.981697
21
232.733333
31
0.000000
0
LINE
8
HIDDEN
10
185.981697
20
232.733333
30
0.000000
11
188.000000
21
232.733333
31
0.000000
0
LINE
8
HIDDEN
10
32.366667
20
211.266667
30
0.000000
11
34.250416
21
211.266667
31
0.000000
0
LINE
8
HIDDEN
10
34.250416
20
211.266667
30
0.000000
11
39.807206
21
211.266667
31
0.000000
0
LINE
8
HIDDEN
10
39.807206
20
211.266667
30
0.000000
11
48.758395
21
211.266667
31
0.000000
0
LINE
8
HIDDEN
10
48.758395
20
211.266667
30
0.000000
11
60.655133
21
211.266667
31
0.000000
0
LINE
8
HIDDEN
10
60.655133
20
211.266667
30
0.000000
11
74.900868
21
211.266667
31
0.000000
0
LINE
8
HIDDEN
10
74.900868
20
211.266667
30
0.000000
11
90.781260
21
211.266667
31
0.000000
0
LINE
8
HIDDEN
10
90.781260
20
211.266667
30
0.000000
11
107.500000
21
211.266667
31
0.000000
0
LINE
8
HIDDEN
10
107.500000
20
211.266667
30
0.000000
11
124.218740
21
211.266667
31
0.000000
0
LINE
8
HIDDEN
10
124.218740
20
211.266667
30
0.000000
11
140.099132
21
211.266667
31
0.000000
0
LINE
8
HIDDEN
10
140.099132
20
211.266667
30
0.000000
11
154.344867
21
211.266667
31
0.000000
0
LINE
8
HIDDEN
10
154.344867
20
211.266667
30
0.000000
11
166.241605
21
211.266667
31
0.000000
0
LINE
8
HIDDEN
10
166.241605
20
211.266667
30
0.000000
11
175.192794
21
211.266667
31
0.000000
0
LINE
8
HIDDEN
10
175.192794
20
211.266667
30
0.000000
11
180.749584
21
211.266667
31
0.000000
0
LINE
8
HIDDEN
10
180.749584
20
211.266667
30
0.000000
11
182.633333
21
211.266667
31
0.000000
0
LINE
8
HIDDEN
10
75.148796
20
232.733333
30
0.000000
11
74.913328
21
232.733333
31
0.000000
0
LINE
8
HIDDEN
10
74.913328
20
232.733333
30
0.000000
11
74.218729
21
232.733333
31
0.000000
0
LINE
8
HIDDEN
10
74.218729
20
232.733333
30
0.000000
11
73.099830
21
232.733333
31
0.000000
0
LINE
8
HIDDEN
10
73.099830
20
232.733333
30
0.000000
11
71.612738
21
232.733333
31
0.000000
0
LINE
8
HIDDEN
10
71.612738
20
232.733333
30
0.000000
11
69.832021
21
232.733333
31
0.000000
0
LINE
8
HIDDEN
10
69.832021
20
232.733333
30
0.000000
11
67.846972
21
232.733333
31
0.000000
0
LINE
8
HIDDEN
10
67.846972
20
232.733333
30
0.000000
11
65.757130
21
232.733333
31
0.000000
0
LINE
8
HIDDEN
10
65.757130
20
232.733333
30
0.000000
11
63.667287
21
232.733333
31
0.000000
0
LINE
8
HIDDEN
10
63.667287
20
232.733333
30
0.000000
11
61.682238
21
232.733333
31
0.000000
0
LINE
8
HIDDEN
10
61.682238
20
232.733333
30
0.000000
11
59.901521
21
232.733333
31
0.000000
0
LINE
8
HIDDEN
10
59.901521
20
232.733333
30
0.000000
11
58.414429
21
232.733333
31
0.000000
0
LINE
8
HIDDEN
10
58.414429
20
232.733333
30
0.000000
11
57.295530
21
232.733333
31
0.000000
0
LINE
8
HIDDEN
10
57.295530
20
232.733333
30
0.000000
11
56.600932
21
232.733333
31
0.000000
0
LINE
8
HIDDEN
10
56.600932
20
232.733333
30
0.000000
11
56.365463
21
232.733333
31
0.000000
0
LINE
8
HIDDEN
10
56.365463
20
232.733333
30
0.000000
11
56.600932
21
232.733333
31
0.000000
0
LINE
8
HIDDEN
10
56.600932
20
232.733333
30
0.000000
11
57.295530
21
232.733333
31
0.000000
0
LINE
8
HIDDEN
10
57.295530
20
232.733333
30
0.000000
11
58.414429
21
232.733333
31
0.000000
0
LINE
8
HIDDEN
10
58.414429
20
232.733333
30
0.000000
11
59.901521
21
232.733333
31
0.000000
0
LINE
8
HIDDEN
10
59.901521
20
232.733333
30
0.000000
11
61.682238
21
232.733333
31
0.000000
0
LINE
8
HIDDEN
10
61.682238
20
232.733333
30
0.000000
11
63.667287
21
232.733333
31
0.000000
0
LINE
8
HIDDEN
10
63.667287
20
232.733333
30
0.000000
11
65.757130
21
232.733333
31
0.000000
0
LINE
8
HIDDEN
10
65.757130
20
232.733333
30
0.000000
11
67.846972
21
232.733333
31
0.000000
0
LINE
8
HIDDEN
10
67.846972
20
232.733333
30
0.000000
11
69.832021
21
232.733333
31
0.000000
0
LINE
8
HIDDEN
10
69.832021
20
232.733333
30
0.000000
11
71.612738
21
232.733333
31
0.000000
0
LINE
8
HIDDEN
10
71.612738
20
232.733333
30
0.000000
11
73.099830
21
232.733333
31
0.000000
0
LINE
8
HIDDEN
10
73.099830
20
232.733333
30
0.000000
11
74.218729
21
232.733333
31
0.000000
0
LINE
8
HIDDEN
10
74.218729
20
232.733333
30
0.000000
11
74.913328
21
232.733333
31
0.000000
0
LINE
8
HIDDEN
10
74.913328
20
232.733333
30
0.000000
11
75.148796
21
232.733333
31
0.000000
0
LINE
8
HIDDEN
10
158.634537
20
232.733333
30
0.000000
11
158.399068
21
232.733333
31
0.000000
0
LINE
8
HIDDEN
10
158.399068
20
232.733333
30
0.000000
11
157.704470
21
232.733333
31
0.000000
0
LINE
8
HIDDEN
10
157.704470
20
232.733333
30
0.000000
11
156.585571
21
232.733333
31
0.000000
0
LINE
8
HIDDEN
10
156.585571
20
232.733333
30
0.000000
11
155.098479
21
232.733333
31
0.000000
0
LINE
8
HIDDEN
10
155.098479
20
232.733333
30
0.000000
11
153.317762
21
232.733333
31
0.000000
0
LINE
8
HIDDEN
10
153.317762
20
232.733333
30
0.000000
11
151.332713
21
232.733333
31
0.000000
0
LINE
8
HIDDEN
10
151.332713
20
232.733333
30
0.000000
11
149.242870
21
232.733333
31
0.000000
0
LINE
8
HIDDEN
10
149.242870
20
232.733333
30
0.000000
11
147.153028
21
232.733333
31
0.000000
0
LINE
8
HIDDEN
10
147.153028
20
232.733333
30
0.000000
11
145.167979
21
232.733333
31
0.000000
0
LINE
8
HIDDEN
10
145.167979
20
232.733333
30
0.000000
11
143.387262
21
232.733333
31
0.000000
0
LINE
8
HIDDEN
10
143.387262
20
232.733333
30
0.000000
11
141.900170
21
232.733333
31
0.000000
0
LINE
8
HIDDEN
10
141.900170
20
232.733333
30
0.000000
11
140.781271
21
232.733333
31
0.000000
0
LINE
8
HIDDEN
10
140.781271
20
232.733333
30
0.000000
11
140.086672
21
232.733333
31
0.000000
0
LINE
8
HIDDEN
10
140.086672
20
232.733333
30
0.000000
11
139.851204
21
232.733333
31
0.000000
0
LINE
8
HIDDEN
10
139.851204
20
232.733333
30
0.000000
11
140.086672
21
232.733333
31
0.000000
0
LINE
8
HIDDEN
10
140.086672
20
232.733333
30
0.000000
11
140.781271
21
232.733333
31
0.000000
0
LINE
8
HIDDEN
10
140.781271
20
232.733333
30
0.000000
11
141.900170
21
232.733333
31
0.000000
0
LINE
8
HIDDEN
10
141.900170
20
232.733333
30
0.000000
11
143.387262
21
232.733333
31
0.000000
0
LINE
8
HIDDEN
10
143.387262
20
232.733333
30
0.000000
11
145.167979
21
232.733333
31
0.000000
0
LINE
8
HIDDEN
10
145.167979
20
232.733333
30
0.000000
11
147.153028
21
232.733333
31
0.000000
0
LINE
8
HIDDEN
10
147.153028
20
232.733333
30
0.000000
11
149.242870
21
232.733333
31
0.000000
0
LINE
8
HIDDEN
10
149.242870
20
232.733333
30
0.000000
11
151.332713
21
232.733333
31
0.000000
0
LINE
8
HIDDEN
10
151.332713
20
232.733333
30
0.000000
11
153.317762
21
232.733333
31
0.000000
0
LINE
8
HIDDEN
10
153.317762
20
232.733333
30
0.000000
11
155.098479
21
232.733333
31
0.000000
0
LINE
8
HIDDEN
10
155.098479
20
232.733333
30
0.000000
11
156.585571
21
232.733333
31
0.000000
0
LINE
8
HIDDEN
10
156.585571
20
232.733333
30
0.000000
11
157.704470
21
232.733333
31
0.000000
0
LINE
8
HIDDEN
10
157.704470
20
232.733333
30
0.000000
11
158.399068
21
232.733333
31
0.000000
0
LINE
8
HIDDEN
10
158.399068
20
232.733333
30
0.000000
11
158.634537
21
232.733333
31
0.000000
0
LINE
8
HIDDEN
10
75.148796
20
232.733333
30
0.000000
11
74.913328
21
232.733333
31
0.000000
0
LINE
8
HIDDEN
10
74.913328
20
232.733333
30
0.000000
11
74.218729
21
232.733333
31
0.000000
0
LINE
8
HIDDEN
10
74.218729
20
232.733333
30
0.000000
11
73.099830
21
232.733333
31
0.000000
0
LINE
8
HIDDEN
10
73.099830
20
232.733333
30
0.000000
11
71.612738
21
232.733333
31
0.000000
0
LINE
8
HIDDEN
10
71.612738
20
232.733333
30
0.000000
11
69.832021
21
232.733333
31
0.000000
0
LINE
8
HIDDEN
10
69.832021
20
232.733333
30
0.000000
11
67.846972
21
232.733333
31
0.000000
0
LINE
8
HIDDEN
10
67.846972
20
232.733333
30
0.000000
11
65.757130
21
232.733333
31
0.000000
0
LINE
8
HIDDEN
10
65.757130
20
232.733333
30
0.000000
11
63.667287
21
232.733333
31
0.000000
0
LINE
8
HIDDEN
10
63.667287
20
232.733333
30
0.000000
11
61.682238
21
232.733333
31
0.000000
0
LINE
8
HIDDEN
10
61.682238
20
232.733333
30
0.000000
11
59.901521
21
232.733333
31
0.000000
0
LINE
8
HIDDEN
10
59.901521
20
232.733333
30
0.000000
11
58.414429
21
232.733333
31
0.000000
0
LINE
8
HIDDEN
10
58.414429
20
232.733333
30
0.000000
11
57.295530
21
232.733333
31
0.000000
0
LINE
8
HIDDEN
10
57.295530
20
232.733333
30
0.000000
11
56.600932
21
232.733333
31
0.000000
0
LINE
8
HIDDEN
10
56.600932
20
232.733333
30
0.000000
11
56.365463
21
232.733333
31
0.000000
0
LINE
8
HIDDEN
10
56.365463
20
232.733333
30
0.000000
11
56.600932
21
232.733333
31
0.000000
0
LINE
8
HIDDEN
10
56.600932
20
232.733333
30
0.000000
11
57.295530
21
232.733333
31
0.000000
0
LINE
8
HIDDEN
10
57.295530
20
232.733333
30
0.000000
11
58.414429
21
232.733333
31
0.000000
0
LINE
8
HIDDEN
10
58.414429
20
232.733333
30
0.000000
11
59.901521
21
232.733333
31
0.000000
0
LINE
8
HIDDEN
10
59.901521
20
232.733333
30
0.000000
11
61.682238
21
232.733333
31
0.000000
0
LINE
8
HIDDEN
10
61.682238
20
232.733333
30
0.000000
11
63.667287
21
232.733333
31
0.000000
0
LINE
8
HIDDEN
10
63.667287
20
232.733333
30
0.000000
11
65.757130
21
232.733333
31
0.000000
0
LINE
8
HIDDEN
10
65.757130
20
232.733333
30
0.000000
11
67.846972
21
232.733333
31
0.000000
0
LINE
8
HIDDEN
10
67.846972
20
232.733333
30
0.000000
11
69.832021
21
232.733333
31
0.000000
0
LINE
8
HIDDEN
10
69.832021
20
232.733333
30
0.000000
11
71.612738
21
232.733333
31
0.000000
0
LINE
8
HIDDEN
10
71.612738
20
232.733333
30
0.000000
11
73.099830
21
232.733333
31
0.000000
0
LINE
8
HIDDEN
10
73.099830
20
232.733333
30
0.000000
11
74.218729
21
232.733333
31
0.000000
0
LINE
8
HIDDEN
10
74.218729
20
232.733333
30
0.000000
11
74.913328
21
232.733333
31
0.000000
0
LINE
8
HIDDEN
10
74.913328
20
232.733333
30
0.000000
11
75.148796
21
232.733333
31
0.000000
0
LINE
8
HIDDEN
10
134.333333
20
232.733333
30
0.000000
11
133.660566
21
232.733333
31
0.000000
0
LINE
8
HIDDEN
10
133.660566
20
232.733333
30
0.000000
11
131.675998
21
232.733333
31
0.000000
0
LINE
8
HIDDEN
10
131.675998
20
232.733333
30
0.000000
11
128.479145
21
232.733333
31
0.000000
0
LINE
8
HIDDEN
10
128.479145
20
232.733333
30
0.000000
11
124.230310
21
232.733333
31
0.000000
0
LINE
8
HIDDEN
10
124.230310
20
232.733333
30
0.000000
11
119.142547
21
232.733333
31
0.000000
0
LINE
8
HIDDEN
10
119.142547
20
232.733333
30
0.000000
11
113.470978
21
232.733333
31
0.000000
0
LINE
8
HIDDEN
10
113.470978
20
232.733333
30
0.000000
11
107.500000
21
232.733333
31
0.000000
0
LINE
8
HIDDEN
10
107.500000
20
232.733333
30
0.000000
11
101.529022
21
232.733333
31
0.000000
0
LINE
8
HIDDEN
10
101.529022
20
232.733333
30
0.000000
11
95.857453
21
232.733333
31
0.000000
0
LINE
8
HIDDEN
10
95.857453
20
232.733333
30
0.000000
11
90.769690
21
232.733333
31
0.000000
0
LINE
8
HIDDEN
10
90.769690
20
232.733333
30
0.000000
11
86.520855
21
232.733333
31
0.000000
0
LINE
8
HIDDEN
10
86.520855
20
232.733333
30
0.000000
11
83.324002
21
232.733333
31
0.000000
0
LINE
8
HIDDEN
10
83.324002
20
232.733333
30
0.000000
11
81.339434
21
232.733333
31
0.000000
0
LINE
8
HIDDEN
10
81.339434
20
232.733333
30
0.000000
11
80.666667
21
232.733333
31
0.000000
0
LINE
8
HIDDEN
10
80.666667
20
232.733333
30
0.000000
11
81.339434
21
232.733333
31
0.000000
0
LINE
8
HIDDEN
10
81.339434
20
232.733333
30
0.000000
11
83.324002
21
232.733333
31
0.000000
0
LINE
8
HIDDEN
10
83.324002
20
232.733333
30
0.000000
11
86.520855
21
232.733333
31
0.000000
0
LINE
8
HIDDEN
10
86.520855
20
232.733333
30
0.000000
11
90.769690
21
232.733333
31
0.000000
0
LINE
8
HIDDEN
10
90.769690
20
232.733333
30
0.000000
11
95.857453
21
232.733333
31
0.000000
0
LINE
8
HIDDEN
10
95.857453
20
232.733333
30
0.000000
11
101.529022
21
232.733333
31
0.000000
0
LINE
8
HIDDEN
10
101.529022
20
232.733333
30
0.000000
11
107.500000
21
232.733333
31
0.000000
0
LINE
8
HIDDEN
10
107.500000
20
232.733333
30
0.000000
11
113.470978
21
232.733333
31
0.000000
0
LINE
8
HIDDEN
10
113.470978
20
232.733333
30
0.000000
11
119.142547
21
232.733333
31
0.000000
0
LINE
8
HIDDEN
10
119.142547
20
232.733333
30
0.000000
11
124.230310
21
232.733333
31
0.000000
0
LINE
8
HIDDEN
10
124.230310
20
232.733333
30
0.000000
11
128.479145
21
232.733333
31
0.000000
0
LINE
8
HIDDEN
10
128.479145
20
232.733333
30
0.000000
11
131.675998
21
232.733333
31
0.000000
0
LINE
8
HIDDEN
10
131.675998
20
232.733333
30
0.000000
11
133.660566
21
232.733333
31
0.000000
0
LINE
8
HIDDEN
10
133.660566
20
232.733333
30
0.000000
11
134.333333
21
232.733333
31
0.000000
0
LINE
8
HIDDEN
10
158.634537
20
232.733333
30
0.000000
11
158.399068
21
232.733333
31
0.000000
0
LINE
8
HIDDEN
10
158.399068
20
232.733333
30
0.000000
11
157.704470
21
232.733333
31
0.000000
0
LINE
8
HIDDEN
10
157.704470
20
232.733333
30
0.000000
11
156.585571
21
232.733333
31
0.000000
0
LINE
8
HIDDEN
10
156.585571
20
232.733333
30
0.000000
11
155.098479
21
232.733333
31
0.000000
0
LINE
8
HIDDEN
10
155.098479
20
232.733333
30
0.000000
11
153.317762
21
232.733333
31
0.000000
0
LINE
8
HIDDEN
10
153.317762
20
232.733333
30
0.000000
11
151.332713
21
232.733333
31
0.000000
0
LINE
8
HIDDEN
10
151.332713
20
232.733333
30
0.000000
11
149.242870
21
232.733333
31
0.000000
0
LINE
8
HIDDEN
10
149.242870
20
232.733333
30
0.000000
11
147.153028
21
232.733333
31
0.000000
0
LINE
8
HIDDEN
10
147.153028
20
232.733333
30
0.000000
11
145.167979
21
232.733333
31
0.000000
0
LINE
8
HIDDEN
10
145.167979
20
232.733333
30
0.000000
11
143.387262
21
232.733333
31
0.000000
0
LINE
8
HIDDEN
10
143.387262
20
232.733333
30
0.000000
11
141.900170
21
232.733333
31
0.000000
0
LINE
8
HIDDEN
10
141.900170
20
232.733333
30
0.000000
11
140.781271
21
232.733333
31
0.000000
0
LINE
8
HIDDEN
10
140.781271
20
232.733333
30
0.000000
11
140.086672
21
232.733333
31
0.000000
0
LINE
8
HIDDEN
10
140.086672
20
232.733333
30
0.000000
11
139.851204
21
232.733333
31
0.000000
0
LINE
8
HIDDEN
10
139.851204
20
232.733333
30
0.000000
11
140.086672
21
232.733333
31
0.000000
0
LINE
8
HIDDEN
10
140.086672
20
232.733333
30
0.000000
11
140.781271
21
232.733333
31
0.000000
0
LINE
8
HIDDEN
10
140.781271
20
232.733333
30
0.000000
11
141.900170
21
232.733333
31
0.000000
0
LINE
8
HIDDEN
10
141.900170
20
232.733333
30
0.000000
11
143.387262
21
232.733333
31
0.000000
0
LINE
8
HIDDEN
10
143.387262
20
232.733333
30
0.000000
11
145.167979
21
232.733333
31
0.000000
0
LINE
8
HIDDEN
10
145.167979
20
232.733333
30
0.000000
11
147.153028
21
232.733333
31
0.000000
0
LINE
8
HIDDEN
10
147.153028
20
232.733333
30
0.000000
11
149.242870
21
232.733333
31
0.000000
0
LINE
8
HIDDEN
10
149.242870
20
232.733333
30
0.000000
11
151.332713
21
232.733333
31
0.000000
0
LINE
8
HIDDEN
10
151.332713
20
232.733333
30
0.000000
11
153.317762
21
232.733333
31
0.000000
0
LINE
8
HIDDEN
10
153.317762
20
232.733333
30
0.000000
11
155.098479
21
232.733333
31
0.000000
0
LINE
8
HIDDEN
10
155.098479
20
232.733333
30
0.000000
11
156.585571
21
232.733333
31
0.000000
0
LINE
8
HIDDEN
10
156.585571
20
232.733333
30
0.000000
11
157.704470
21
232.733333
31
0.000000
0
LINE
8
HIDDEN
10
157.704470
20
232.733333
30
0.000000
11
158.399068
21
232.733333
31
0.000000
0
LINE
8
HIDDEN
10
158.399068
20
232.733333
30
0.000000
11
158.634537
21
232.733333
31
0.000000
0
LINE
8
HIDDEN
10
75.148796
20
211.266667
30
0.000000
11
74.913328
21
211.266667
31
0.000000
0
LINE
8
HIDDEN
10
74.913328
20
211.266667
30
0.000000
11
74.218729
21
211.266667
31
0.000000
0
LINE
8
HIDDEN
10
74.218729
20
211.266667
30
0.000000
11
73.099830
21
211.266667
31
0.000000
0
LINE
8
HIDDEN
10
73.099830
20
211.266667
30
0.000000
11
71.612738
21
211.266667
31
0.000000
0
LINE
8
HIDDEN
10
71.612738
20
211.266667
30
0.000000
11
69.832021
21
211.266667
31
0.000000
0
LINE
8
HIDDEN
10
69.832021
20
211.266667
30
0.000000
11
67.846972
21
211.266667
31
0.000000
0
LINE
8
HIDDEN
10
67.846972
20
211.266667
30
0.000000
11
65.757130
21
211.266667
31
0.000000
0
LINE
8
HIDDEN
10
65.757130
20
211.266667
30
0.000000
11
63.667287
21
211.266667
31
0.000000
0
LINE
8
HIDDEN
10
63.667287
20
211.266667
30
0.000000
11
61.682238
21
211.266667
31
0.000000
0
LINE
8
HIDDEN
10
61.682238
20
211.266667
30
0.000000
11
59.901521
21
211.266667
31
0.000000
0
LINE
8
HIDDEN
10
59.901521
20
211.266667
30
0.000000
11
58.414429
21
211.266667
31
0.000000
0
LINE
8
HIDDEN
10
58.414429
20
211.266667
30
0.000000
11
57.295530
21
211.266667
31
0.000000
0
LINE
8
HIDDEN
10
57.295530
20
211.266667
30
0.000000
11
56.600932
21
211.266667
31
0.000000
0
LINE
8
HIDDEN
10
56.600932
20
211.266667
30
0.000000
11
56.365463
21
211.266667
31
0.000000
0
LINE
8
HIDDEN
10
56.365463
20
211.266667
30
0.000000
11
56.600932
21
211.266667
31
0.000000
0
LINE
8
HIDDEN
10
56.600932
20
211.266667
30
0.000000
11
57.295530
21
211.266667
31
0.000000
0
LINE
8
HIDDEN
10
57.295530
20
211.266667
30
0.000000
11
58.414429
21
211.266667
31
0.000000
0
LINE
8
HIDDEN
10
58.414429
20
211.266667
30
0.000000
11
59.901521
21
211.266667
31
0.000000
0
LINE
8
HIDDEN
10
59.901521
20
211.266667
30
0.000000
11
61.682238
21
211.266667
31
0.000000
0
LINE
8
HIDDEN
10
61.682238
20
211.266667
30
0.000000
11
63.667287
21
211.266667
31
0.000000
0
LINE
8
HIDDEN
10
63.667287
20
211.266667
30
0.000000
11
65.757130
21
211.266667
31
0.000000
0
LINE
8
HIDDEN
10
65.757130
20
211.266667
30
0.000000
11
67.846972
21
211.266667
31
0.000000
0
LINE
8
HIDDEN
10
67.846972
20
211.266667
30
0.000000
11
69.832021
21
211.266667
31
0.000000
0
LINE
8
HIDDEN
10
69.832021
20
211.266667
30
0.000000
11
71.612738
21
211.266667
31
0.000000
0
LINE
8
HIDDEN
10
71.612738
20
211.266667
30
0.000000
11
73.099830
21
211.266667
31
0.000000
0
LINE
8
HIDDEN
10
73.099830
20
211.266667
30
0.000000
11
74.218729
21
211.266667
31
0.000000
0
LINE
8
HIDDEN
10
74.218729
20
211.266667
30
0.000000
11
74.913328
21
211.266667
31
0.000000
0
LINE
8
HIDDEN
10
74.913328
20
211.266667
30
0.000000
11
75.148796
21
211.266667
31
0.000000
0
LINE
8
HIDDEN
10
158.634537
20
211.266667
30
0.000000
11
158.399068
21
211.266667
31
0.000000
0
LINE
8
HIDDEN
10
158.399068
20
211.266667
30
0.000000
11
157.704470
21
211.266667
31
0.000000
0
LINE
8
HIDDEN
10
157.704470
20
211.266667
30
0.000000
11
156.585571
21
211.266667
31
0.000000
0
LINE
8
HIDDEN
10
156.585571
20
211.266667
30
0.000000
11
155.098479
21
211.266667
31
0.000000
0
LINE
8
HIDDEN
10
155.098479
20
211.266667
30
0.000000
11
153.317762
21
211.266667
31
0.000000
0
LINE
8
HIDDEN
10
153.317762
20
211.266667
30
0.000000
11
151.332713
21
211.266667
31
0.000000
0
LINE
8
HIDDEN
10
151.332713
20
211.266667
30
0.000000
11
149.242870
21
211.266667
31
0.000000
0
LINE
8
HIDDEN
10
149.242870
20
211.266667
30
0.000000
11
147.153028
21
211.266667
31
0.000000
0
LINE
8
HIDDEN
10
147.153028
20
211.266667
30
0.000000
11
145.167979
21
211.266667
31
0.000000
0
LINE
8
HIDDEN
10
145.167979
20
211.266667
30
0.000000
11
143.387262
21
211.266667
31
0.000000
0
LINE
8
HIDDEN
10
143.387262
20
211.266667
30
0.000000
11
141.900170
21
211.266667
31
0.000000
0
LINE
8
HIDDEN
10
141.900170
20
211.266667
30
0.000000
11
140.781271
21
211.266667
31
0.000000
0
LINE
8
HIDDEN
10
140.781271
20
211.266667
30
0.000000
11
140.086672
21
211.266667
31
0.000000
0
LINE
8
HIDDEN
10
140.086672
20
211.266667
30
0.000000
11
139.851204
21
211.266667
31
0.000000
0
LINE
8
HIDDEN
10
139.851204
20
211.266667
30
0.000000
11
140.086672
21
211.266667
31
0.000000
0
LINE
8
HIDDEN
10
140.086672
20
211.266667
30
0.000000
11
140.781271
21
211.266667
31
0.000000
0
LINE
8
HIDDEN
10
140.781271
20
211.266667
30
0.000000
11
141.900170
21
211.266667
31
0.000000
0
LINE
8
HIDDEN
10
141.900170
20
211.266667
30
0.000000
11
143.387262
21
211.266667
31
0.000000
0
LINE
8
HIDDEN
10
143.387262
20
211.266667
30
0.000000
11
145.167979
21
211.266667
31
0.000000
0
LINE
8
HIDDEN
10
145.167979
20
211.266667
30
0.000000
11
147.153028
21
211.266667
31
0.000000
0
LINE
8
HIDDEN
10
147.153028
20
211.266667
30
0.000000
11
149.242870
21
211.266667
31
0.000000
0
LINE
8
HIDDEN
10
149.242870
20
211.266667
30
0.000000
11
151.332713
21
211.266667
31
0.000000
0
LINE
8
HIDDEN
10
151.332713
20
211.266667
30
0.000000
11
153.317762
21
211.266667
31
0.000000
0
LINE
8
HIDDEN
10
153.317762
20
211.266667
30
0.000000
11
155.098479
21
211.266667
31
0.000000
0
LINE
8
HIDDEN
10
155.098479
20
211.266667
30
0.000000
11
156.585571
21
211.266667
31
0.000000
0
LINE
8
HIDDEN
10
156.585571
20
211.266667
30
0.000000
11
157.704470
21
211.266667
31
0.000000
0
LINE
8
HIDDEN
10
157.704470
20
211.266667
30
0.000000
11
158.399068
21
211.266667
31
0.000000
0
LINE
8
HIDDEN
10
158.399068
20
211.266667
30
0.000000
11
158.634537
21
211.266667
31
0.000000
0
LINE
8
HIDDEN
10
75.148796
20
211.266667
30
0.000000
11
74.913328
21
211.266667
31
0.000000
0
LINE
8
HIDDEN
10
74.913328
20
211.266667
30
0.000000
11
74.218729
21
211.266667
31
0.000000
0
LINE
8
HIDDEN
10
74.218729
20
211.266667
30
0.000000
11
73.099830
21
211.266667
31
0.000000
0
LINE
8
HIDDEN
10
73.099830
20
211.266667
30
0.000000
11
71.612738
21
211.266667
31
0.000000
0
LINE
8
HIDDEN
10
71.612738
20
211.266667
30
0.000000
11
69.832021
21
211.266667
31
0.000000
0
LINE
8
HIDDEN
10
69.832021
20
211.266667
30
0.000000
11
67.846972
21
211.266667
31
0.000000
0
LINE
8
HIDDEN
10
67.846972
20
211.266667
30
0.000000
11
65.757130
21
211.266667
31
0.000000
0
LINE
8
HIDDEN
10
65.757130
20
211.266667
30
0.000000
11
63.667287
21
211.266667
31
0.000000
0
LINE
8
HIDDEN
10
63.667287
20
211.266667
30
0.000000
11
61.682238
21
211.266667
31
0.000000
0
LINE
8
HIDDEN
10
61.682238
20
211.266667
30
0.000000
11
59.901521
21
211.266667
31
0.000000
0
LINE
8
HIDDEN
10
59.901521
20
211.266667
30
0.000000
11
58.414429
21
211.266667
31
0.000000
0
LINE
8
HIDDEN
10
58.414429
20
211.266667
30
0.000000
11
57.295530
21
211.266667
31
0.000000
0
LINE
8
HIDDEN
10
57.295530
20
211.266667
30
0.000000
11
56.600932
21
211.266667
31
0.000000
0
LINE
8
HIDDEN
10
56.600932
20
211.266667
30
0.000000
11
56.365463
21
211.266667
31
0.000000
0
LINE
8
HIDDEN
10
56.365463
20
211.266667
30
0.000000
11
56.600932
21
211.266667
31
0.000000
0
LINE
8
HIDDEN
10
56.600932
20
211.266667
30
0.000000
11
57.295530
21
211.266667
31
0.000000
0
LINE
8
HIDDEN
10
57.295530
20
211.266667
30
0.000000
11
58.414429
21
211.266667
31
0.000000
0
LINE
8
HIDDEN
10
58.414429
20
211.266667
30
0.000000
11
59.901521
21
211.266667
31
0.000000
0
LINE
8
HIDDEN
10
59.901521
20
211.266667
30
0.000000
11
61.682238
21
211.266667
31
0.000000
0
LINE
8
HIDDEN
10
61.682238
20
211.266667
30
0.000000
11
63.667287
21
211.266667
31
0.000000
0
LINE
8
HIDDEN
10
63.667287
20
211.266667
30
0.000000
11
65.757130
21
211.266667
31
0.000000
0
LINE
8
HIDDEN
10
65.757130
20
211.266667
30
0.000000
11
67.846972
21
211.266667
31
0.000000
0
LINE
8
HIDDEN
10
67.846972
20
211.266667
30
0.000000
11
69.832021
21
211.266667
31
0.000000
0
LINE
8
HIDDEN
10
69.832021
20
211.266667
30
0.000000
11
71.612738
21
211.266667
31
0.000000
0
LINE
8
HIDDEN
10
71.612738
20
211.266667
30
0.000000
11
73.099830
21
211.266667
31
0.000000
0
LINE
8
HIDDEN
10
73.099830
20
211.266667
30
0.000000
11
74.218729
21
211.266667
31
0.000000
0
LINE
8
HIDDEN
10
74.218729
20
211.266667
30
0.000000
11
74.913328
21
211.266667
31
0.000000
0
LINE
8
HIDDEN
10
74.913328
20
211.266667
30
0.000000
11
75.148796
21
211.266667
31
0.000000
0
LINE
8
HIDDEN
10
134.333333
20
211.266667
30
0.000000
11
133.660566
21
211.266667
31
0.000000
0
LINE
8
HIDDEN
10
133.660566
20
211.266667
30
0.000000
11
131.675998
21
211.266667
31
0.000000
0
LINE
8
HIDDEN
10
131.675998
20
211.266667
30
0.000000
11
128.479145
21
211.266667
31
0.000000
0
LINE
8
HIDDEN
10
128.479145
20
211.266667
30
0.000000
11
124.230310
21
211.266667
31
0.000000
0
LINE
8
HIDDEN
10
124.230310
20
211.266667
30
0.000000
11
119.142547
21
211.266667
31
0.000000
0
LINE
8
HIDDEN
10
119.142547
20
211.266667
30
0.000000
11
113.470978
21
211.266667
31
0.000000
0
LINE
8
HIDDEN
10
113.470978
20
211.266667
30
0.000000
11
107.500000
21
211.266667
31
0.000000
0
LINE
8
HIDDEN
10
107.500000
20
211.266667
30
0.000000
11
101.529022
21
211.266667
31
0.000000
0
LINE
8
HIDDEN
10
101.529022
20
211.266667
30
0.000000
11
95.857453
21
211.266667
31
0.000000
0
LINE
8
HIDDEN
10
95.857453
20
211.266667
30
0.000000
11
90.769690
21
211.266667
31
0.000000
0
LINE
8
HIDDEN
10
90.769690
20
211.266667
30
0.000000
11
86.520855
21
211.266667
31
0.000000
0
LINE
8
HIDDEN
10
86.520855
20
211.266667
30
0.000000
11
83.324002
21
211.266667
31
0.000000
0
LINE
8
HIDDEN
10
83.324002
20
211.266667
30
0.000000
11
81.339434
21
211.266667
31
0.000000
0
LINE
8
HIDDEN
10
81.339434
20
211.266667
30
0.000000
11
80.666667
21
211.266667
31
0.000000
0
LINE
8
HIDDEN
10
80.666667
20
211.266667
30
0.000000
11
81.339434
21
211.266667
31
0.000000
0
LINE
8
HIDDEN
10
81.339434
20
211.266667
30
0.000000
11
83.324002
21
211.266667
31
0.000000
0
LINE
8
HIDDEN
10
83.324002
20
211.266667
30
0.000000
11
86.520855
21
211.266667
31
0.000000
0
LINE
8
HIDDEN
10
86.520855
20
211.266667
30
0.000000
11
90.769690
21
211.266667
31
0.000000
0
LINE
8
HIDDEN
10
90.769690
20
211.266667
30
0.000000
11
95.857453
21
211.266667
31
0.000000
0
LINE
8
HIDDEN
10
95.857453
20
211.266667
30
0.000000
11
101.529022
21
211.266667
31
0.000000
0
LINE
8
HIDDEN
10
101.529022
20
211.266667
30
0.000000
11
107.500000
21
211.266667
31
0.000000
0
LINE
8
HIDDEN
10
107.500000
20
211.266667
30
0.000000
11
113.470978
21
211.266667
31
0.000000
0
LINE
8
HIDDEN
10
113.470978
20
211.266667
30
0.000000
11
119.142547
21
211.266667
31
0.000000
0
LINE
8
HIDDEN
10
119.142547
20
211.266667
30
0.000000
11
124.230310
21
211.266667
31
0.000000
0
LINE
8
HIDDEN
10
124.230310
20
211.266667
30
0.000000
11
128.479145
21
211.266667
31
0.000000
0
LINE
8
HIDDEN
10
128.479145
20
211.266667
30
0.000000
11
131.675998
21
211.266667
31
0.000000
0
LINE
8
HIDDEN
10
131.675998
20
211.266667
30
0.000000
11
133.660566
21
211.266667
31
0.000000
0
LINE
8
HIDDEN
10
133.660566
20
211.266667
30
0.000000
11
134.333333
21
211.266667
31
0.000000
0
LINE
8
HIDDEN
10
158.634537
20
211.266667
30
0.000000
11
158.399068
21
211.266667
31
0.000000
0
LINE
8
HIDDEN
10
158.399068
20
211.266667
30
0.000000
11
157.704470
21
211.266667
31
0.000000
0
LINE
8
HIDDEN
10
157.704470
20
211.266667
30
0.000000
11
156.585571
21
211.266667
31
0.000000
0
LINE
8
HIDDEN
10
156.585571
20
211.266667
30
0.000000
11
155.098479
21
211.266667
31
0.000000
0
LINE
8
HIDDEN
10
155.098479
20
211.266667
30
0.000000
11
153.317762
21
211.266667
31
0.000000
0
LINE
8
HIDDEN
10
153.317762
20
211.266667
30
0.000000
11
151.332713
21
211.266667
31
0.000000
0
LINE
8
HIDDEN
10
151.332713
20
211.266667
30
0.000000
11
149.242870
21
211.266667
31
0.000000
0
LINE
8
HIDDEN
10
149.242870
20
211.266667
30
0.000000
11
147.153028
21
211.266667
31
0.000000
0
LINE
8
HIDDEN
10
147.153028
20
211.266667
30
0.000000
11
145.167979
21
211.266667
31
0.000000
0
LINE
8
HIDDEN
10
145.167979
20
211.266667
30
0.000000
11
143.387262
21
211.266667
31
0.000000
0
LINE
8
HIDDEN
10
143.387262
20
211.266667
30
0.000000
11
141.900170
21
211.266667
31
0.000000
0
LINE
8
HIDDEN
10
141.900170
20
211.266667
30
0.000000
11
140.781271
21
211.266667
31
0.000000
0
LINE
8
HIDDEN
10
140.781271
20
211.266667
30
0.000000
11
140.086672
21
211.266667
31
0.000000
0
LINE
8
HIDDEN
10
140.086672
20
211.266667
30
0.000000
11
139.851204
21
211.266667
31
0.000000
0
LINE
8
HIDDEN
10
139.851204
20
211.266667
30
0.000000
11
140.086672
21
211.266667
31
0.000000
0
LINE
8
HIDDEN
10
140.086672
20
211.266667
30
0.000000
11
140.781271
21
211.266667
31
0.000000
0
LINE
8
HIDDEN
10
140.781271
20
211.266667
30
0.000000
11
141.900170
21
211.266667
31
0.000000
0
LINE
8
HIDDEN
10
141.900170
20
211.266667
30
0.000000
11
143.387262
21
211.266667
31
0.000000
0
LINE
8
HIDDEN
10
143.387262
20
211.266667
30
0.000000
11
145.167979
21
211.266667
31
0.000000
0
LINE
8
HIDDEN
10
145.167979
20
211.266667
30
0.000000
11
147.153028
21
211.266667
31
0.000000
0
LINE
8
HIDDEN
10
147.153028
20
211.266667
30
0.000000
11
149.242870
21
211.266667
31
0.000000
0
LINE
8
HIDDEN
10
149.242870
20
211.266667
30
0.000000
11
151.332713
21
211.266667
31
0.000000
0
LINE
8
HIDDEN
10
151.332713
20
211.266667
30
0.000000
11
153.317762
21
211.266667
31
0.000000
0
LINE
8
HIDDEN
10
153.317762
20
211.266667
30
0.000000
11
155.098479
21
211.266667
31
0.000000
0
LINE
8
HIDDEN
10
155.098479
20
211.266667
30
0.000000
11
156.585571
21
211.266667
31
0.000000
0
LINE
8
HIDDEN
10
156.585571
20
211.266667
30
0.000000
11
157.704470
21
211.266667
31
0.000000
0
LINE
8
HIDDEN
10
157.704470
20
211.266667
30
0.000000
11
158.399068
21
211.266667
31
0.000000
0
LINE
8
HIDDEN
10
158.399068
20
211.266667
30
0.000000
11
158.634537
21
211.266667
31
0.000000
0
LINE
8
HIDDEN
10
75.148796
20
232.733333
30
0.000000
11
75.148796
21
211.266667
31
0.000000
0
LINE
8
HIDDEN
10
158.634537
20
232.733333
30
0.000000
11
158.634537
21
211.266667
31
0.000000
0
LINE
8
HIDDEN
10
75.148796
20
232.733333
30
0.000000
11
75.148796
21
211.266667
31
0.000000
0
LINE
8
HIDDEN
10
134.333333
20
232.733333
30
0.000000
11
134.333333
21
211.266667
31
0.000000
0
LINE
8
HIDDEN
10
158.634537
20
232.733333
30
0.000000
11
158.634537
21
211.266667
31
0.000000
0
LINE
8
HIDDEN
10
56.365463
20
211.266667
30
0.000000
11
56.365463
21
232.733333
31
0.000000
0
LINE
8
HIDDEN
10
139.851204
20
211.266667
30
0.000000
11
139.851204
21
232.733333
31
0.000000
0
LINE
8
HIDDEN
10
56.365463
20
211.266667
30
0.000000
11
56.365463
21
232.733333
31
0.000000
0
LINE
8
HIDDEN
10
80.666667
20
211.266667
30
0.000000
11
80.666667
21
232.733333
31
0.000000
0
LINE
8
HIDDEN
10
139.851204
20
211.266667
30
0.000000
11
139.851204
21
232.733333
31
0.000000
0
LINE
8
OUTLINE
10
159.491525
20
84.000000
30
0.000000
11
159.355950
21
87.752815
31
0.000000
0
LINE
8
OUTLINE
10
159.355950
20
87.752815
30
0.000000
11
158.949935
21
91.486065
31
0.000000
0
LINE
8
OUTLINE
10
158.949935
20
91.486065
30
0.000000
11
158.275595
21
95.180285
31
0.000000
0
LINE
8
OUTLINE
10
158.275595
20
95.180285
30
0.000000
11
157.336447
21
98.816217
31
0.000000
0
LINE
8
OUTLINE
10
157.336447
20
98.816217
30
0.000000
11
156.137385
21
102.374904
31
0.000000
0
LINE
8
OUTLINE
10
156.137385
20
102.374904
30
0.000000
11
154.684663
21
105.837793
31
0.000000
0
LINE
8
OUTLINE
10
154.684663
20
105.837793
30
0.000000
11
152.985853
21
109.186829
31
0.000000
0
LINE
8
OUTLINE
10
152.985853
20
109.186829
30
0.000000
11
151.049813
21
112.404553
31
0.000000
0
LINE
8
OUTLINE
10
151.049813
20
112.404553
30
0.000000
11
148.886635
21
115.474189
31
0.000000
0
LINE
8
OUTLINE
10
148.886635
20
115.474189
30
0.000000
11
146.507599
21
118.379733
31
0.000000
0
LINE
8
OUTLINE
10
146.507599
20
118.379733
30
0.000000
11
143.925107
21
121.106037
31
0.000000
0
LINE
8
OUTLINE
10
143.925107
20
121.106037
30
0.000000
11
141.152622
21
123.638888
31
0.000000
0
LINE
8
OUTLINE
10
141.152622
20
123.638888
30
0.000000
11
138.204600
21
125.965079
31
0.000000
0
LINE
8
OUTLINE
10
138.204600
20
125.965079
30
0.000000
11
135.096410
21
128.072484
31
0.000000
0
LINE
8
OUTLINE
10
135.096410
20
128.072484
30
0.000000
11
131.844257
21
129.950116
31
0.000000
0
LINE
8
OUTLINE
10
131.844257
20
129.950116
30
0.000000
11
128.465096
21
131.588185
31
0.000000
0
LINE
8
OUTLINE
10
128.465096
20
131.588185
30
0.000000
11
124.976544
21
132.978151
31
0.000000
0
LINE
8
OUTLINE
10
124.976544
20
132.978151
30
0.000000
11
121.396789
21
134.112767
31
0.000000
0
LINE
8
OUTLINE
10
121.396789
20
134.112767
30
0.000000
11
117.744494
21
134.986119
31
0.000000
0
LINE
8
OUTLINE
10
117.744494
20
134.986119
30
0.000000
11
114.038701
21
135.593653
31
0.000000
0
LINE
8
OUTLINE
10
114.038701
20
135.593653
30
0.000000
11
110.298730
21
135.932202
31
0.000000
0
LINE
8
OUTLINE
10
110.298730
20
135.932202
30
0.000000
11
106.544079
21
136.000000
31
0.000000
0
LINE
8
OUTLINE
10
106.544079
20
136.000000
30
0.000000
11
102.794323
21
135.796694
31
0.000000
0
LINE
8
OUTLINE
10
102.794323
20
135.796694
30
0.000000
11
99.069012
21
135.323344
31
0.000000
0
LINE
8
OUTLINE
10
99.069012
20
135.323344
30
0.000000
11
95.387569
21
134.582418
31
0.000000
0
LINE
8
OUTLINE
10
95.387569
20
134.582418
30
0.000000
11
91.769185
21
133.577779
31
0.000000
0
LINE
8
OUTLINE
10
91.769185
20
133.577779
30
0.000000
11
88.232726
21
132.314664
31
0.000000
0
LINE
8
OUTLINE
10
88.232726
20
132.314664
30
0.000000
11
84.796629
21
130.799659
31
0.000000
0
LINE
8
OUTLINE
10
84.796629
20
130.799659
30
0.000000
11
81.478809
21
129.040662
31
0.000000
0
LINE
8
OUTLINE
10
81.478809
20
129.040662
30
0.000000
11
78.296563
21
127.046844
31
0.000000
0
LINE
8
OUTLINE
10
78.296563
20
127.046844
30
0.000000
11
75.266482
21
124.828600
31
0.000000
0
LINE
8
OUTLINE
10
75.266482
20
124.828600
30
0.000000
11
72.404363
21
122.397494
31
0.000000
0
LINE
8
OUTLINE
10
72.404363
20
122.397494
30
0.000000
11
69.725128
21
119.766201
31
0.000000
0
LINE
8
OUTLINE
10
69.725128
20
119.766201
30
0.000000
11
67.242745
21
116.948440
31
0.000000
0
LINE
8
OUTLINE
10
67.242745
20
116.948440
30
0.000000
11
64.970157
21
113.958902
31
0.000000
0
LINE
8
OUTLINE
10
64.970157
20
113.958902
30
0.000000
11
62.919211
21
110.813171
31
0.000000
0
LINE
8
OUTLINE
10
62.919211
20
110.813171
30
0.000000
11
61.100600
21
107.527649
31
0.000000
0
LINE
8
OUTLINE
10
61.100600
20
107.527649
30
0.000000
11
59.523806
21
104.119464
31
0.000000
0
LINE
8
OUTLINE
10
59.523806
20
104.119464
30
0.000000
11
58.197050
21
100.606386
31
0.000000
0
LINE
8
OUTLINE
10
58.197050
20
100.606386
30
0.000000
11
57.127247
21
97.006730
31
0.000000
0
LINE
8
OUTLINE
10
57.127247
20
97.006730
30
0.000000
11
56.319977
21
93.339263
31
0.000000
0
LINE
8
OUTLINE
10
56.319977
20
93.339263
30
0.000000
11
55.779447
21
89.623105
31
0.000000
0
LINE
8
OUTLINE
10
55.779447
20
89.623105
30
0.000000
11
55.508475
21
85.877632
31
0.000000
0
LINE
8
OUTLINE
10
55.508475
20
85.877632
30
0.000000
11
55.508475
21
82.122368
31
0.000000
0
LINE
8
OUTLINE
10
55.508475
20
82.122368
30
0.000000
11
55.779447
21
78.376895
31
0.000000
0
LINE
8
OUTLINE
10
55.779447
20
78.376895
30
0.000000
11
56.319977
21
74.660737
31
0.000000
0
LINE
8
OUTLINE
10
56.319977
20
74.660737
30
0.000000
11
57.127247
21
70.993270
31
0.000000
0
LINE
8
OUTLINE
10
57.127247
20
70.993270
30
0.000000
11
58.197050
21
67.393614
31
0.000000
0
LINE
8
OUTLINE
10
58.197050
20
67.393614
30
0.000000
11
59.523806
21
63.880536
31
0.000000
0
LINE
8
OUTLINE
10
59.523806
20
63.880536
30
0.000000
11
61.100600
21
60.472351
31
0.000000
0
LINE
8
OUTLINE
10
61.100600
20
60.472351
30
0.000000
11
62.919211
21
57.186829
31
0.000000
0
LINE
8
OUTLINE
10
62.919211
20
57.186829
30
0.000000
11
64.970157
21
54.041098
31
0.000000
0
LINE
8
OUTLINE
10
64.970157
20
54.041098
30
0.000000
11
67.242745
21
51.051560
31
0.000000
0
LINE
8
OUTLINE
10
67.242745
20
51.051560
30
0.000000
11
69.725128
21
48.233799
31
0.000000
0
LINE
8
OUTLINE
10
69.725128
20
48.233799
30
0.000000
11
72.404363
21
45.602506
31
0.000000
0
LINE
8
OUTLINE
10
72.404363
20
45.602506
30
0.000000
11
75.266482
21
43.171400
31
0.000000
0
LINE
8
OUTLINE
10
75.266482
20
43.171400
30
0.000000
11
78.296563
21
40.953156
31
0.000000
0
LINE
8
OUTLINE
10
78.296563
20
40.953156
30
0.000000
11
81.478809
21
38.959338
31
0.000000
0
LINE
8
OUTLINE
10
81.478809
20
38.959338
30
0.000000
11
84.796629
21
37.200341
31
0.000000
0
LINE
8
OUTLINE
10
84.796629
20
37.200341
30
0.000000
11
88.232726
21
35.685336
31
0.000000
0
LINE
8
OUTLINE
10
88.232726
20
35.685336
30
0.000000
11
91.769185
21
34.422221
31
0.000000
0
LINE
8
OUTLINE
10
91.769185
20
34.422221
30
0.000000
11
95.387569
21
33.417582
31
0.000000
0
LINE
8
OUTLINE
10
95.387569
20
33.417582
30
0.000000
11
99.069012
21
32.676656
31
0.000000
0
LINE
8
OUTLINE
10
99.069012
20
32.676656
30
0.000000
11
102.794323
21
32.203306
31
0.000000
0
LINE
8
OUTLINE
10
102.794323
20
32.203306
30
0.000000
11
106.544079
21
32.000000
31
0.000000
0
LINE
8
OUTLINE
10
106.544079
20
32.000000
30
0.000000
11
110.298730
21
32.067798
31
0.000000
0
LINE
8
OUTLINE
10
110.298730
20
32.067798
30
0.000000
11
114.038701
21
32.406347
31
0.000000
0
LINE
8
OUTLINE
10
114.038701
20
32.406347
30
0.000000
11
117.744494
21
33.013881
31
0.000000
0
LINE
8
OUTLINE
10
117.744494
20
33.013881
30
0.000000
11
121.396789
21
33.887233
31
0.000000
0
LINE
8
OUTLINE
10
121.396789
20
33.887233
30
0.000000
11
124.976544
21
35.021849
31
0.000000
0
LINE
8
OUTLINE
10
124.976544
20
35.021849
30
0.000000
11
128.465096
21
36.411815
31
0.000000
0
LINE
8
OUTLINE
10
128.465096
20
36.411815
30
0.000000
11
131.844257
21
38.049884
31
0.000000
0
LINE
8
OUTLINE
10
131.844257
20
38.049884
30
0.000000
11
135.096410
21
39.927516
31
0.000000
0
LINE
8
OUTLINE
10
135.096410
20
39.927516
30
0.000000
11
138.204600
21
42.034921
31
0.000000
0
LINE
8
OUTLINE
10
138.204600
20
42.034921
30
0.000000
11
141.152622
21
44.361112
31
0.000000
0
LINE
8
OUTLINE
10
141.152622
20
44.361112
30
0.000000
11
143.925107
21
46.893963
31
0.000000
0
LINE
8
OUTLINE
10
143.925107
20
46.893963
30
0.000000
11
146.507599
21
49.620267
31
0.000000
0
LINE
8
OUTLINE
10
146.507599
20
49.620267
30
0.000000
11
148.886635
21
52.525811
31
0.000000
0
LINE
8
OUTLINE
10
148.886635
20
52.525811
30
0.000000
11
151.049813
21
55.595447
31
0.000000
0
LINE
8
OUTLINE
10
151.049813
20
55.595447
30
0.000000
11
152.985853
21
58.813171
31
0.000000
0
LINE
8
OUTLINE
10
152.985853
20
58.813171
30
0.000000
11
154.684663
21
62.162207
31
0.000000
0
LINE
8
OUTLINE
10
154.684663
20
62.162207
30
0.000000
11
156.137385
21
65.625096
31
0.000000
0
LINE
8
OUTLINE
10
156.137385
20
65.625096
30
0.000000
11
157.336447
21
69.183783
31
0.000000
0
LINE
8
OUTLINE
10
157.336447
20
69.183783
30
0.000000
11
158.275595
21
72.819715
31
0.000000
0
LINE
8
OUTLINE
10
158.275595
20
72.819715
30
0.000000
11
158.949935
21
76.513935
31
0.000000
0
LINE
8
OUTLINE
10
158.949935
20
76.513935
30
0.000000
11
159.355950
21
80.247185
31
0.000000
0
LINE
8
OUTLINE
10
159.355950
20
80.247185
30
0.000000
11
159.491525
21
84.000000
31
0.000000
0
LINE
8
OUTLINE
10
86.581969
20
57.031266
30
0.000000
11
86.449376
21
58.292802
31
0.000000
0
LINE
8
OUTLINE
10
86.449376
20
58.292802
30
0.000000
11
86.057393
21
59.499204
31
0.000000
0
LINE
8
OUTLINE
10
86.057393
20
59.499204
30
0.000000
11
85.423150
21
60.597744
31
0.000000
0
LINE
8
OUTLINE
10
85.423150
20
60.597744
30
0.000000
11
84.574368
21
61.540413
31
0.000000
0
LINE
8
OUTLINE
10
84.574368
20
61.540413
30
0.000000
11
83.548141
21
62.286010
31
0.000000
0
LINE
8
OUTLINE
10
83.548141
20
62.286010
30
0.000000
11
82.389322
21
62.801949
31
0.000000
0
LINE
8
OUTLINE
10
82.389322
20
62.801949
30
0.000000
11
81.148556
21
63.065682
31
0.000000
0
LINE
8
OUTLINE
10
81.148556
20
63.065682
30
0.000000
11
79.880071
21
63.065682
31
0.000000
0
LINE
8
OUTLINE
10
79.880071
20
63.065682
30
0.000000
11
78.639305
21
62.801949
31
0.000000
0
LINE
8
OUTLINE
10
78.639305
20
62.801949
30
0.000000
11
77.480486
21
62.286010
31
0.000000
0
LINE
8
OUTLINE
10
77.480486
20
62.286010
30
0.000000
11
76.454259
21
61.540413
31
0.000000
0
LINE
8
OUTLINE
10
76.454259
20
61.540413
30
0.000000
11
75.605477
21
60.597744
31
0.000000
0
LINE
8
OUTLINE
10
75.605477
20
60.597744
30
0.000000
11
74.971234
21
59.499204
31
0.000000
0
LINE
8
OUTLINE
10
74.971234
20
59.499204
30
0.000000
11
74.579251
21
58.292802
31
0.000000
0
LINE
8
OUTLINE
10
74.579251
20
58.292802
30
0.000000
11
74.446658
21
57.031266
31
0.000000
0
LINE
8
OUTLINE
10
74.446658
20
57.031266
30
0.000000
11
74.579251
21
55.769729
31
0.000000
0
LINE
8
OUTLINE
10
74.579251
20
55.769729
30
0.000000
11
74.971234
21
54.563328
31
0.000000
0
LINE
8
OUTLINE
10
74.971234
20
54.563328
30
0.000000
11
75.605477
21
53.464787
31
0.000000
0
LINE
8
OUTLINE
10
75.605477
20
53.464787
30
0.000000
11
76.454259
21
52.522119
31
0.000000
0
LINE
8
OUTLINE
10
76.454259
20
52.522119
30
0.000000
11
77.480486
21
51.776522
31
0.000000
0
LINE
8
OUTLINE
10
77.480486
20
51.776522
30
0.000000
11
78.639305
21
51.260582
31
0.000000
0
LINE
8
OUTLINE
10
78.639305
20
51.260582
30
0.000000
11
79.880071
21
50.996849
31
0.000000
0
LINE
8
OUTLINE
10
79.880071
20
50.996849
30
0.000000
11
81.148556
21
50.996849
31
0.000000
0
LINE
8
OUTLINE
10
81.148556
20
50.996849
30
0.000000
11
82.389322
21
51.260582
31
0.000000
0
LINE
8
OUTLINE
10
82.389322
20
51.260582
30
0.000000
11
83.548141
21
51.776522
31
0.000000
0
LINE
8
OUTLINE
10
83.548141
20
51.776522
30
0.000000
11
84.574368
21
52.522119
31
0.000000
0
LINE
8
OUTLINE
10
84.574368
20
52.522119
30
0.000000
11
85.423150
21
53.464787
31
0.000000
0
LINE
8
OUTLINE
10
85.423150
20
53.464787
30
0.000000
11
86.057393
21
54.563328
31
0.000000
0
LINE
8
OUTLINE
10
86.057393
20
54.563328
30
0.000000
11
86.449376
21
55.769729
31
0.000000
0
LINE
8
OUTLINE
10
86.449376
20
55.769729
30
0.000000
11
86.581969
21
57.031266
31
0.000000
0
LINE
8
OUTLINE
10
140.519438
20
57.031266
30
0.000000
11
140.386845
21
58.292802
31
0.000000
0
LINE
8
OUTLINE
10
140.386845
20
58.292802
30
0.000000
11
139.994861
21
59.499204
31
0.000000
0
LINE
8
OUTLINE
10
139.994861
20
59.499204
30
0.000000
11
139.360618
21
60.597744
31
0.000000
0
LINE
8
OUTLINE
10
139.360618
20
60.597744
30
0.000000
11
138.511836
21
61.540413
31
0.000000
0
LINE
8
OUTLINE
10
138.511836
20
61.540413
30
0.000000
11
137.485610
21
62.286010
31
0.000000
0
LINE
8
OUTLINE
10
137.485610
20
62.286010
30
0.000000
11
136.326791
21
62.801949
31
0.000000
0
LINE
8
OUTLINE
10
136.326791
20
62.801949
30
0.000000
11
135.086025
21
63.065682
31
0.000000
0
LINE
8
OUTLINE
10
135.086025
20
63.065682
30
0.000000
11
133.817539
21
63.065682
31
0.000000
0
LINE
8
OUTLINE
10
133.817539
20
63.065682
30
0.000000
11
132.576773
21
62.801949
31
0.000000
0
LINE
8
OUTLINE
10
132.576773
20
62.801949
30
0.000000
11
131.417954
21
62.286010
31
0.000000
0
LINE
8
OUTLINE
10
131.417954
20
62.286010
30
0.000000
11
130.391728
21
61.540413
31
0.000000
0
LINE
8
OUTLINE
10
130.391728
20
61.540413
30
0.000000
11
129.542945
21
60.597744
31
0.000000
0
LINE
8
OUTLINE
10
129.542945
20
60.597744
30
0.000000
11
128.908703
21
59.499204
31
0.000000
0
LINE
8
OUTLINE
10
128.908703
20
59.499204
30
0.000000
11
128.516719
21
58.292802
31
0.000000
0
LINE
8
OUTLINE
10
128.516719
20
58.292802
30
0.000000
11
128.384126
21
57.031266
31
0.000000
0
LINE
8
OUTLINE
10
128.384126
20
57.031266
30
0.000000
11
128.516719
21
55.769729
31
0.000000
0
LINE
8
OUTLINE
10
128.516719
20
55.769729
30
0.000000
11
128.908703
21
54.563328
31
0.000000
0
LINE
8
OUTLINE
10
128.908703
20
54.563328
30
0.000000
11
129.542945
21
53.464787
31
0.000000
0
LINE
8
OUTLINE
10
129.542945
20
53.464787
30
0.000000
11
130.391728
21
52.522119
31
0.000000
0
LINE
8
OUTLINE
10
130.391728
20
52.522119
30
0.000000
11
131.417954
21
51.776522
31
0.000000
0
LINE
8
OUTLINE
10
131.417954
20
51.776522
30
0.000000
11
132.576773
21
51.260582
31
0.000000
0
LINE
8
OUTLINE
10
132.576773
20
51.260582
30
0.000000
11
133.817539
21
50.996849
31
0.000000
0
LINE
8
OUTLINE
10
133.817539
20
50.996849
30
0.000000
11
135.086025
21
50.996849
31
0.000000
0
LINE
8
OUTLINE
10
135.086025
20
50.996849
30
0.000000
11
136.326791
21
51.260582
31
0.000000
0
LINE
8
OUTLINE
10
136.326791
20
51.260582
30
0.000000
11
137.485610
21
51.776522
31
0.000000
0
LINE
8
OUTLINE
10
137.485610
20
51.776522
30
0.000000
11
138.511836
21
52.522119
31
0.000000
0
LINE
8
OUTLINE
10
138.511836
20
52.522119
30
0.000000
11
139.360618
21
53.464787
31
0.000000
0
LINE
8
OUTLINE
10
139.360618
20
53.464787
30
0.000000
11
139.994861
21
54.563328
31
0.000000
0
LINE
8
OUTLINE
10
139.994861
20
54.563328
30
0.000000
11
140.386845
21
55.769729
31
0.000000
0
LINE
8
OUTLINE
10
140.386845
20
55.769729
30
0.000000
11
140.519438
21
57.031266
31
0.000000
0
LINE
8
OUTLINE
10
86.581969
20
110.968734
30
0.000000
11
86.449376
21
112.230271
31
0.000000
0
LINE
8
OUTLINE
10
86.449376
20
112.230271
30
0.000000
11
86.057393
21
113.436672
31
0.000000
0
LINE
8
OUTLINE
10
86.057393
20
113.436672
30
0.000000
11
85.423150
21
114.535213
31
0.000000
0
LINE
8
OUTLINE
10
85.423150
20
114.535213
30
0.000000
11
84.574368
21
115.477881
31
0.000000
0
LINE
8
OUTLINE
10
84.574368
20
115.477881
30
0.000000
11
83.548141
21
116.223478
31
0.000000
0
LINE
8
OUTLINE
10
83.548141
20
116.223478
30
0.000000
11
82.389322
21
116.739418
31
0.000000
0
LINE
8
OUTLINE
10
82.389322
20
116.739418
30
0.000000
11
81.148556
21
117.003151
31
0.000000
0
LINE
8
OUTLINE
10
81.148556
20
117.003151
30
0.000000
11
79.880071
21
117.003151
31
0.000000
0
LINE
8
OUTLINE
10
79.880071
20
117.003151
30
0.000000
11
78.639305
21
116.739418
31
0.000000
0
LINE
8
OUTLINE
10
78.639305
20
116.739418
30
0.000000
11
77.480486
21
116.223478
31
0.000000
0
LINE
8
OUTLINE
10
77.480486
20
116.223478
30
0.000000
11
76.454259
21
115.477881
31
0.000000
0
LINE
8
OUTLINE
10
76.454259
20
115.477881
30
0.000000
11
75.605477
21
114.535213
31
0.000000
0
LINE
8
OUTLINE
10
75.605477
20
114.535213
30
0.000000
11
74.971234
21
113.436672
31
0.000000
0
LINE
8
OUTLINE
10
74.971234
20
113.436672
30
0.000000
11
74.579251
21
112.230271
31
0.000000
0
LINE
8
OUTLINE
10
74.579251
20
112.230271
30
0.000000
11
74.446658
21
110.968734
31
0.000000
0
LINE
8
OUTLINE
10
74.446658
20
110.968734
30
0.000000
11
74.579251
21
109.707198
31
0.000000
0
LINE
8
OUTLINE
10
74.579251
20
109.707198
30
0.000000
11
74.971234
21
108.500796
31
0.000000
0
LINE
8
OUTLINE
10
74.971234
20
108.500796
30
0.000000
11
75.605477
21
107.402256
31
0.000000
0
LINE
8
OUTLINE
10
75.605477
20
107.402256
30
0.000000
11
76.454259
21
106.459587
31
0.000000
0
LINE
8
OUTLINE
10
76.454259
20
106.459587
30
0.000000
11
77.480486
21
105.713990
31
0.000000
0
LINE
8
OUTLINE
10
77.480486
20
105.713990
30
0.000000
11
78.639305
21
105.198051
31
0.000000
0
LINE
8
OUTLINE
10
78.639305
20
105.198051
30
0.000000
11
79.880071
21
104.934318
31
0.000000
0
LINE
8
OUTLINE
10
79.880071
20
104.934318
30
0.000000
11
81.148556
21
104.934318
31
0.000000
0
LINE
8
OUTLINE
10
81.148556
20
104.934318
30
0.000000
11
82.389322
21
105.198051
31
0.000000
0
LINE
8
OUTLINE
10
82.389322
20
105.198051
30
0.000000
11
83.548141
21
105.713990
31
0.000000
0
LINE
8
OUTLINE
10
83.548141
20
105.713990
30
0.000000
11
84.574368
21
106.459587
31
0.000000
0
LINE
8
OUTLINE
10
84.574368
20
106.459587
30
0.000000
11
85.423150
21
107.402256
31
0.000000
0
LINE
8
OUTLINE
10
85.423150
20
107.402256
30
0.000000
11
86.057393
21
108.500796
31
0.000000
0
LINE
8
OUTLINE
10
86.057393
20
108.500796
30
0.000000
11
86.449376
21
109.707198
31
0.000000
0
LINE
8
OUTLINE
10
86.449376
20
109.707198
30
0.000000
11
86.581969
21
110.968734
31
0.000000
0
LINE
8
OUTLINE
10
124.819207
20
84.000000
30
0.000000
11
124.682506
21
86.172797
31
0.000000
0
LINE
8
OUTLINE
10
124.682506
20
86.172797
30
0.000000
11
124.274559
21
88.311327
31
0.000000
0
LINE
8
OUTLINE
10
124.274559
20
88.311327
30
0.000000
11
123.601801
21
90.381866
31
0.000000
0
LINE
8
OUTLINE
10
123.601801
20
90.381866
30
0.000000
11
122.674840
21
92.351758
31
0.000000
0
LINE
8
OUTLINE
10
122.674840
20
92.351758
30
0.000000
11
121.508295
21
94.189939
31
0.000000
0
LINE
8
OUTLINE
10
121.508295
20
94.189939
30
0.000000
11
120.120564
21
95.867417
31
0.000000
0
LINE
8
OUTLINE
10
120.120564
20
95.867417
30
0.000000
11
118.533531
21
97.357740
31
0.000000
0
LINE
8
OUTLINE
10
118.533531
20
97.357740
30
0.000000
11
116.772226
21
98.637403
31
0.000000
0
LINE
8
OUTLINE
10
116.772226
20
98.637403
30
0.000000
11
114.864425
21
99.686226
31
0.000000
0
LINE
8
OUTLINE
10
114.864425
20
99.686226
30
0.000000
11
112.840215
21
100.487667
31
0.000000
0
LINE
8
OUTLINE
10
112.840215
20
100.487667
30
0.000000
11
110.731520
21
101.029088
31
0.000000
0
LINE
8
OUTLINE
10
110.731520
20
101.029088
30
0.000000
11
108.571594
21
101.301950
31
0.000000
0
LINE
8
OUTLINE
10
108.571594
20
101.301950
30
0.000000
11
106.394501
21
101.301950
31
0.000000
0
LINE
8
OUTLINE
10
106.394501
20
101.301950
30
0.000000
11
104.234575
21
101.029088
31
0.000000
0
LINE
8
OUTLINE
10
104.234575
20
101.029088
30
0.000000
11
102.125880
21
100.487667
31
0.000000
0
LINE
8
OUTLINE
10
102.125880
20
100.487667
30
0.000000
11
100.101670
21
99.686226
31
0.000000
0
LINE
8
OUTLINE
10
100.101670
20
99.686226
30
0.000000
11
98.193869
21
98.637403
31
0.000000
0
LINE
8
OUTLINE
10
98.193869
20
98.637403
30
0.000000
11
96.432564
21
97.357740
31
0.000000
0
LINE
8
OUTLINE
10
96.432564
20
97.357740
30
0.000000
11
94.845532
21
95.867417
31
0.000000
0
LINE
8
OUTLINE
10
94.845532
20
95.867417
30
0.000000
11
93.457801
21
94.189939
31
0.000000
0
LINE
8
OUTLINE
10
93.457801
20
94.189939
30
0.000000
11
92.291256
21
92.351758
31
0.000000
0
LINE
8
OUTLINE
10
92.291256
20
92.351758
30
0.000000
11
91.364295
21
90.381866
31
0.000000
0
LINE
8
OUTLINE
10
91.364295
20
90.381866
30
0.000000
11
90.691536
21
88.311327
31
0.000000
0
LINE
8
OUTLINE
10
90.691536
20
88.311327
30
0.000000
11
90.283590
21
86.172797
31
0.000000
0
LINE
8
OUTLINE
10
90.283590
20
86.172797
30
0.000000
11
90.146889
21
84.000000
31
0.000000
0
LINE
8
OUTLINE
10
90.146889
20
84.000000
30
0.000000
11
90.283590
21
81.827203
31
0.000000
0
LINE
8
OUTLINE
10
90.283590
20
81.827203
30
0.000000
11
90.691536
21
79.688673
31
0.000000
0
LINE
8
OUTLINE
10
90.691536
20
79.688673
30
0.000000
11
91.364295
21
77.618134
31
0.000000
0
LINE
8
OUTLINE
10
91.364295
20
77.618134
30
0.000000
11
92.291256
21
75.648242
31
0.000000
0
LINE
8
OUTLINE
10
92.291256
20
75.648242
30
0.000000
11
93.457801
21
73.810061
31
0.000000
0
LINE
8
OUTLINE
10
93.457801
20
73.810061
30
0.000000
11
94.845532
21
72.132583
31
0.000000
0
LINE
8
OUTLINE
10
94.845532
20
72.132583
30
0.000000
11
96.432564
21
70.642260
31
0.000000
0
LINE
8
OUTLINE
10
96.432564
20
70.642260
30
0.000000
11
98.193869
21
69.362597
31
0.000000
0
LINE
8
OUTLINE
10
98.193869
20
69.362597
30
0.000000
11
100.101670
21
68.313774
31
0.000000
0
LINE
8
OUTLINE
10
100.101670
20
68.313774
30
0.000000
11
102.125880
21
67.512333
31
0.000000
0
LINE
8
OUTLINE
10
102.125880
20
67.512333
30
0.000000
11
104.234575
21
66.970912
31
0.000000
0
LINE
8
OUTLINE
10
104.234575
20
66.970912
30
0.000000
11
106.394501
21
66.698050
31
0.000000
0
LINE
8
OUTLINE
10
106.394501
20
66.698050
30
0.000000
11
108.571594
21
66.698050
31
0.000000
0
LINE
8
OUTLINE
10
108.571594
20
66.698050
30
0.000000
11
110.731520
21
66.970912
31
0.000000
0
LINE
8
OUTLINE
10
110.731520
20
66.970912
30
0.000000
11
112.840215
21
67.512333
31
0.000000
0
LINE
8
OUTLINE
10
112.840215
20
67.512333
30
0.000000
11
114.864425
21
68.313774
31
0.000000
0
LINE
8
OUTLINE
10
114.864425
20
68.313774
30
0.000000
11
116.772226
21
69.362597
31
0.000000
0
LINE
8
OUTLINE
10
116.772226
20
69.362597
30
0.000000
11
118.533531
21
70.642260
31
0.000000
0
LINE
8
OUTLINE
10
118.533531
20
70.642260
30
0.000000
11
120.120564
21
72.132583
31
0.000000
0
LINE
8
OUTLINE
10
120.120564
20
72.132583
30
0.000000
11
121.508295
21
73.810061
31
0.000000
0
LINE
8
OUTLINE
10
121.508295
20
73.810061
30
0.000000
11
122.674840
21
75.648242
31
0.000000
0
LINE
8
OUTLINE
10
122.674840
20
75.648242
30
0.000000
11
123.601801
21
77.618134
31
0.000000
0
LINE
8
OUTLINE
10
123.601801
20
77.618134
30
0.000000
11
124.274559
21
79.688673
31
0.000000
0
LINE
8
OUTLINE
10
124.274559
20
79.688673
30
0.000000
11
124.682506
21
81.827203
31
0.000000
0
LINE
8
OUTLINE
10
124.682506
20
81.827203
30
0.000000
11
124.819207
21
84.000000
31
0.000000
0
LINE
8
OUTLINE
10
140.519438
20
110.968734
30
0.000000
11
140.386845
21
112.230271
31
0.000000
0
LINE
8
OUTLINE
10
140.386845
20
112.230271
30
0.000000
11
139.994861
21
113.436672
31
0.000000
0
LINE
8
OUTLINE
10
139.994861
20
113.436672
30
0.000000
11
139.360618
21
114.535213
31
0.000000
0
LINE
8
OUTLINE
10
139.360618
20
114.535213
30
0.000000
11
138.511836
21
115.477881
31
0.000000
0
LINE
8
OUTLINE
10
138.511836
20
115.477881
30
0.000000
11
137.485610
21
116.223478
31
0.000000
0
LINE
8
OUTLINE
10
137.485610
20
116.223478
30
0.000000
11
136.326791
21
116.739418
31
0.000000
0
LINE
8
OUTLINE
10
136.326791
20
116.739418
30
0.000000
11
135.086025
21
117.003151
31
0.000000
0
LINE
8
OUTLINE
10
135.086025
20
117.003151
30
0.000000
11
133.817539
21
117.003151
31
0.000000
0
LINE
8
OUTLINE
10
133.817539
20
117.003151
30
0.000000
11
132.576773
21
116.739418
31
0.000000
0
LINE
8
OUTLINE
10
132.576773
20
116.739418
30
0.000000
11
131.417954
21
116.223478
31
0.000000
0
LINE
8
OUTLINE
10
131.417954
20
116.223478
30
0.000000
11
130.391728
21
115.477881
31
0.000000
0
LINE
8
OUTLINE
10
130.391728
20
115.477881
30
0.000000
11
129.542945
21
114.535213
31
0.000000
0
LINE
8
OUTLINE
10
129.542945
20
114.535213
30
0.000000
11
128.908703
21
113.436672
31
0.000000
0
LINE
8
OUTLINE
10
128.908703
20
113.436672
30
0.000000
11
128.516719
21
112.230271
31
0.000000
0
LINE
8
OUTLINE
10
128.516719
20
112.230271
30
0.000000
11
128.384126
21
110.968734
31
0.000000
0
LINE
8
OUTLINE
10
128.384126
20
110.968734
30
0.000000
11
128.516719
21
109.707198
31
0.000000
0
LINE
8
OUTLINE
10
128.516719
20
109.707198
30
0.000000
11
128.908703
21
108.500796
31
0.000000
0
LINE
8
OUTLINE
10
128.908703
20
108.500796
30
0.000000
11
129.542945
21
107.402256
31
0.000000
0
LINE
8
OUTLINE
10
129.542945
20
107.402256
30
0.000000
11
130.391728
21
106.459587
31
0.000000
0
LINE
8
OUTLINE
10
130.391728
20
106.459587
30
0.000000
11
131.417954
21
105.713990
31
0.000000
0
LINE
8
OUTLINE
10
131.417954
20
105.713990
30
0.000000
11
132.576773
21
105.198051
31
0.000000
0
LINE
8
OUTLINE
10
132.576773
20
105.198051
30
0.000000
11
133.817539
21
104.934318
31
0.000000
0
LINE
8
OUTLINE
10
133.817539
20
104.934318
30
0.000000
11
135.086025
21
104.934318
31
0.000000
0
LINE
8
OUTLINE
10
135.086025
20
104.934318
30
0.000000
11
136.326791
21
105.198051
31
0.000000
0
LINE
8
OUTLINE
10
136.326791
20
105.198051
30
0.000000
11
137.485610
21
105.713990
31
0.000000
0
LINE
8
OUTLINE
10
137.485610
20
105.713990
30
0.000000
11
138.511836
21
106.459587
31
0.000000
0
LINE
8
OUTLINE
10
138.511836
20
106.459587
30
0.000000
11
139.360618
21
107.402256
31
0.000000
0
LINE
8
OUTLINE
10
139.360618
20
107.402256
30
0.000000
11
139.994861
21
108.500796
31
0.000000
0
LINE
8
OUTLINE
10
139.994861
20
108.500796
30
0.000000
11
140.386845
21
109.707198
31
0.000000
0
LINE
8
OUTLINE
10
140.386845
20
109.707198
30
0.000000
11
140.519438
21
110.968734
31
0.000000
0
LINE
8
OUTLINE
10
159.491525
20
84.000000
30
0.000000
11
159.355950
21
87.752815
31
0.000000
0
LINE
8
OUTLINE
10
159.355950
20
87.752815
30
0.000000
11
158.949935
21
91.486065
31
0.000000
0
LINE
8
OUTLINE
10
158.949935
20
91.486065
30
0.000000
11
158.275595
21
95.180285
31
0.000000
0
LINE
8
OUTLINE
10
158.275595
20
95.180285
30
0.000000
11
157.336447
21
98.816217
31
0.000000
0
LINE
8
OUTLINE
10
157.336447
20
98.816217
30
0.000000
11
156.137385
21
102.374904
31
0.000000
0
LINE
8
OUTLINE
10
156.137385
20
102.374904
30
0.000000
11
154.684663
21
105.837793
31
0.000000
0
LINE
8
OUTLINE
10
154.684663
20
105.837793
30
0.000000
11
152.985853
21
109.186829
31
0.000000
0
LINE
8
OUTLINE
10
152.985853
20
109.186829
30
0.000000
11
151.049813
21
112.404553
31
0.000000
0
LINE
8
OUTLINE
10
151.049813
20
112.404553
30
0.000000
11
148.886635
21
115.474189
31
0.000000
0
LINE
8
OUTLINE
10
148.886635
20
115.474189
30
0.000000
11
146.507599
21
118.379733
31
0.000000
0
LINE
8
OUTLINE
10
146.507599
20
118.379733
30
0.000000
11
143.925107
21
121.106037
31
0.000000
0
LINE
8
OUTLINE
10
143.925107
20
121.106037
30
0.000000
11
141.152622
21
123.638888
31
0.000000
0
LINE
8
OUTLINE
10
141.152622
20
123.638888
30
0.000000
11
138.204600
21
125.965079
31
0.000000
0
LINE
8
OUTLINE
10
138.204600
20
125.965079
30
0.000000
11
135.096410
21
128.072484
31
0.000000
0
LINE
8
OUTLINE
10
135.096410
20
128.072484
30
0.000000
11
131.844257
21
129.950116
31
0.000000
0
LINE
8
OUTLINE
10
131.844257
20
129.950116
30
0.000000
11
128.465096
21
131.588185
31
0.000000
0
LINE
8
OUTLINE
10
128.465096
20
131.588185
30
0.000000
11
124.976544
21
132.978151
31
0.000000
0
LINE
8
OUTLINE
10
124.976544
20
132.978151
30
0.000000
11
121.396789
21
134.112767
31
0.000000
0
LINE
8
OUTLINE
10
121.396789
20
134.112767
30
0.000000
11
117.744494
21
134.986119
31
0.000000
0
LINE
8
OUTLINE
10
117.744494
20
134.986119
30
0.000000
11
114.038701
21
135.593653
31
0.000000
0
LINE
8
OUTLINE
10
114.038701
20
135.593653
30
0.000000
11
110.298730
21
135.932202
31
0.000000
0
LINE
8
OUTLINE
10
110.298730
20
135.932202
30
0.000000
11
106.544079
21
136.000000
31
0.000000
0
LINE
8
OUTLINE
10
106.544079
20
136.000000
30
0.000000
11
102.794323
21
135.796694
31
0.000000
0
LINE
8
OUTLINE
10
102.794323
20
135.796694
30
0.000000
11
99.069012
21
135.323344
31
0.000000
0
LINE
8
OUTLINE
10
99.069012
20
135.323344
30
0.000000
11
95.387569
21
134.582418
31
0.000000
0
LINE
8
OUTLINE
10
95.387569
20
134.582418
30
0.000000
11
91.769185
21
133.577779
31
0.000000
0
LINE
8
OUTLINE
10
91.769185
20
133.577779
30
0.000000
11
88.232726
21
132.314664
31
0.000000
0
LINE
8
OUTLINE
10
88.232726
20
132.314664
30
0.000000
11
84.796629
21
130.799659
31
0.000000
0
LINE
8
OUTLINE
10
84.796629
20
130.799659
30
0.000000
11
81.478809
21
129.040662
31
0.000000
0
LINE
8
OUTLINE
10
81.478809
20
129.040662
30
0.000000
11
78.296563
21
127.046844
31
0.000000
0
LINE
8
OUTLINE
10
78.296563
20
127.046844
30
0.000000
11
75.266482
21
124.828600
31
0.000000
0
LINE
8
OUTLINE
10
75.266482
20
124.828600
30
0.000000
11
72.404363
21
122.397494
31
0.000000
0
LINE
8
OUTLINE
10
72.404363
20
122.397494
30
0.000000
11
69.725128
21
119.766201
31
0.000000
0
LINE
8
OUTLINE
10
69.725128
20
119.766201
30
0.000000
11
67.242745
21
116.948440
31
0.000000
0
LINE
8
OUTLINE
10
67.242745
20
116.948440
30
0.000000
11
64.970157
21
113.958902
31
0.000000
0
LINE
8
OUTLINE
10
64.970157
20
113.958902
30
0.000000
11
62.919211
21
110.813171
31
0.000000
0
LINE
8
OUTLINE
10
62.919211
20
110.813171
30
0.000000
11
61.100600
21
107.527649
31
0.000000
0
LINE
8
OUTLINE
10
61.100600
20
107.527649
30
0.000000
11
59.523806
21
104.119464
31
0.000000
0
LINE
8
OUTLINE
10
59.523806
20
104.119464
30
0.000000
11
58.197050
21
100.606386
31
0.000000
0
LINE
8
OUTLINE
10
58.197050
20
100.606386
30
0.000000
11
57.127247
21
97.006730
31
0.000000
0
LINE
8
OUTLINE
10
57.127247
20
97.006730
30
0.000000
11
56.319977
21
93.339263
31
0.000000
0
LINE
8
OUTLINE
10
56.319977
20
93.339263
30
0.000000
11
55.779447
21
89.623105
31
0.000000
0
LINE
8
OUTLINE
10
55.779447
20
89.623105
30
0.000000
11
55.508475
21
85.877632
31
0.000000
0
LINE
8
OUTLINE
10
55.508475
20
85.877632
30
0.000000
11
55.508475
21
82.122368
31
0.000000
0
LINE
8
OUTLINE
10
55.508475
20
82.122368
30
0.000000
11
55.779447
21
78.376895
31
0.000000
0
LINE
8
OUTLINE
10
55.779447
20
78.376895
30
0.000000
11
56.319977
21
74.660737
31
0.000000
0
LINE
8
OUTLINE
10
56.319977
20
74.660737
30
0.000000
11
57.127247
21
70.993270
31
0.000000
0
LINE
8
OUTLINE
10
57.127247
20
70.993270
30
0.000000
11
58.197050
21
67.393614
31
0.000000
0
LINE
8
OUTLINE
10
58.197050
20
67.393614
30
0.000000
11
59.523806
21
63.880536
31
0.000000
0
LINE
8
OUTLINE
10
59.523806
20
63.880536
30
0.000000
11
61.100600
21
60.472351
31
0.000000
0
LINE
8
OUTLINE
10
61.100600
20
60.472351
30
0.000000
11
62.919211
21
57.186829
31
0.000000
0
LINE
8
OUTLINE
10
62.919211
20
57.186829
30
0.000000
11
64.970157
21
54.041098
31
0.000000
0
LINE
8
OUTLINE
10
64.970157
20
54.041098
30
0.000000
11
67.242745
21
51.051560
31
0.000000
0
LINE
8
OUTLINE
10
67.242745
20
51.051560
30
0.000000
11
69.725128
21
48.233799
31
0.000000
0
LINE
8
OUTLINE
10
69.725128
20
48.233799
30
0.000000
11
72.404363
21
45.602506
31
0.000000
0
LINE
8
OUTLINE
10
72.404363
20
45.602506
30
0.000000
11
75.266482
21
43.171400
31
0.000000
0
LINE
8
OUTLINE
10
75.266482
20
43.171400
30
0.000000
11
78.296563
21
40.953156
31
0.000000
0
LINE
8
OUTLINE
10
78.296563
20
40.953156
30
0.000000
11
81.478809
21
38.959338
31
0.000000
0
LINE
8
OUTLINE
10
81.478809
20
38.959338
30
0.000000
11
84.796629
21
37.200341
31
0.000000
0
LINE
8
OUTLINE
10
84.796629
20
37.200341
30
0.000000
11
88.232726
21
35.685336
31
0.000000
0
LINE
8
OUTLINE
10
88.232726
20
35.685336
30
0.000000
11
91.769185
21
34.422221
31
0.000000
0
LINE
8
OUTLINE
10
91.769185
20
34.422221
30
0.000000
11
95.387569
21
33.417582
31
0.000000
0
LINE
8
OUTLINE
10
95.387569
20
33.417582
30
0.000000
11
99.069012
21
32.676656
31
0.000000
0
LINE
8
OUTLINE
10
99.069012
20
32.676656
30
0.000000
11
102.794323
21
32.203306
31
0.000000
0
LINE
8
OUTLINE
10
102.794323
20
32.203306
30
0.000000
11
106.544079
21
32.000000
31
0.000000
0
LINE
8
OUTLINE
10
106.544079
20
32.000000
30
0.000000
11
110.298730
21
32.067798
31
0.000000
0
LINE
8
OUTLINE
10
110.298730
20
32.067798
30
0.000000
11
114.038701
21
32.406347
31
0.000000
0
LINE
8
OUTLINE
10
114.038701
20
32.406347
30
0.000000
11
117.744494
21
33.013881
31
0.000000
0
LINE
8
OUTLINE
10
117.744494
20
33.013881
30
0.000000
11
121.396789
21
33.887233
31
0.000000
0
LINE
8
OUTLINE
10
121.396789
20
33.887233
30
0.000000
11
124.976544
21
35.021849
31
0.000000
0
LINE
8
OUTLINE
10
124.976544
20
35.021849
30
0.000000
11
128.465096
21
36.411815
31
0.000000
0
LINE
8
OUTLINE
10
128.465096
20
36.411815
30
0.000000
11
131.844257
21
38.049884
31
0.000000
0
LINE
8
OUTLINE
10
131.844257
20
38.049884
30
0.000000
11
135.096410
21
39.927516
31
0.000000
0
LINE
8
OUTLINE
10
135.096410
20
39.927516
30
0.000000
11
138.204600
21
42.034921
31
0.000000
0
LINE
8
OUTLINE
10
138.204600
20
42.034921
30
0.000000
11
141.152622
21
44.361112
31
0.000000
0
LINE
8
OUTLINE
10
141.152622
20
44.361112
30
0.000000
11
143.925107
21
46.893963
31
0.000000
0
LINE
8
OUTLINE
10
143.925107
20
46.893963
30
0.000000
11
146.507599
21
49.620267
31
0.000000
0
LINE
8
OUTLINE
10
146.507599
20
49.620267
30
0.000000
11
148.886635
21
52.525811
31
0.000000
0
LINE
8
OUTLINE
10
148.886635
20
52.525811
30
0.000000
11
151.049813
21
55.595447
31
0.000000
0
LINE
8
OUTLINE
10
151.049813
20
55.595447
30
0.000000
11
152.985853
21
58.813171
31
0.000000
0
LINE
8
OUTLINE
10
152.985853
20
58.813171
30
0.000000
11
154.684663
21
62.162207
31
0.000000
0
LINE
8
OUTLINE
10
154.684663
20
62.162207
30
0.000000
11
156.137385
21
65.625096
31
0.000000
0
LINE
8
OUTLINE
10
156.137385
20
65.625096
30
0.000000
11
157.336447
21
69.183783
31
0.000000
0
LINE
8
OUTLINE
10
157.336447
20
69.183783
30
0.000000
11
158.275595
21
72.819715
31
0.000000
0
LINE
8
OUTLINE
10
158.275595
20
72.819715
30
0.000000
11
158.949935
21
76.513935
31
0.000000
0
LINE
8
OUTLINE
10
158.949935
20
76.513935
30
0.000000
11
159.355950
21
80.247185
31
0.000000
0
LINE
8
OUTLINE
10
159.355950
20
80.247185
30
0.000000
11
159.491525
21
84.000000
31
0.000000
0
LINE
8
OUTLINE
10
156.024293
20
84.000000
30
0.000000
11
155.888562
21
87.627492
31
0.000000
0
LINE
8
OUTLINE
10
155.888562
20
87.627492
30
0.000000
11
155.482127
21
91.234697
31
0.000000
0
LINE
8
OUTLINE
10
155.482127
20
91.234697
30
0.000000
11
154.807262
21
94.801443
31
0.000000
0
LINE
8
OUTLINE
10
154.807262
20
94.801443
30
0.000000
11
153.867741
21
98.307783
31
0.000000
0
LINE
8
OUTLINE
10
153.867741
20
98.307783
30
0.000000
11
152.668818
21
101.734108
31
0.000000
0
LINE
8
OUTLINE
10
152.668818
20
101.734108
30
0.000000
11
151.217198
21
105.061257
31
0.000000
0
LINE
8
OUTLINE
10
151.217198
20
105.061257
30
0.000000
11
149.520999
21
108.270623
31
0.000000
0
LINE
8
OUTLINE
10
149.520999
20
108.270623
30
0.000000
11
147.589707
21
111.344257
31
0.000000
0
LINE
8
OUTLINE
10
147.589707
20
111.344257
30
0.000000
11
145.434121
21
114.264971
31
0.000000
0
LINE
8
OUTLINE
10
145.434121
20
114.264971
30
0.000000
11
143.066298
21
117.016432
31
0.000000
0
LINE
8
OUTLINE
10
143.066298
20
117.016432
30
0.000000
11
140.499479
21
119.583251
31
0.000000
0
LINE
8
OUTLINE
10
140.499479
20
119.583251
30
0.000000
11
137.748019
21
121.951074
31
0.000000
0
LINE
8
OUTLINE
10
137.748019
20
121.951074
30
0.000000
11
134.827305
21
124.106659
31
0.000000
0
LINE
8
OUTLINE
10
134.827305
20
124.106659
30
0.000000
11
131.753670
21
126.037951
31
0.000000
0
LINE
8
OUTLINE
10
131.753670
20
126.037951
30
0.000000
11
128.544305
21
127.734151
31
0.000000
0
LINE
8
OUTLINE
10
128.544305
20
127.734151
30
0.000000
11
125.217156
21
129.185771
31
0.000000
0
LINE
8
OUTLINE
10
125.217156
20
129.185771
30
0.000000
11
121.790831
21
130.384694
31
0.000000
0
LINE
8
OUTLINE
10
121.790831
20
130.384694
30
0.000000
11
118.284491
21
131.324215
31
0.000000
0
LINE
8
OUTLINE
10
118.284491
20
131.324215
30
0.000000
11
114.717745
21
131.999079
31
0.000000
0
LINE
8
OUTLINE
10
114.717745
20
131.999079
30
0.000000
11
111.110540
21
132.405514
31
0.000000
0
LINE
8
OUTLINE
10
111.110540
20
132.405514
30
0.000000
11
107.483048
21
132.541245
31
0.000000
0
LINE
8
OUTLINE
10
107.483048
20
132.541245
30
0.000000
11
103.855556
21
132.405514
31
0.000000
0
LINE
8
OUTLINE
10
103.855556
20
132.405514
30
0.000000
11
100.248351
21
131.999079
31
0.000000
0
LINE
8
OUTLINE
10
100.248351
20
131.999079
30
0.000000
11
96.681605
21
131.324215
31
0.000000
0
LINE
8
OUTLINE
10
96.681605
20
131.324215
30
0.000000
11
93.175265
21
130.384694
31
0.000000
0
LINE
8
OUTLINE
10
93.175265
20
130.384694
30
0.000000
11
89.748940
21
129.185771
31
0.000000
0
LINE
8
OUTLINE
10
89.748940
20
129.185771
30
0.000000
11
86.421791
21
127.734151
31
0.000000
0
LINE
8
OUTLINE
10
86.421791
20
127.734151
30
0.000000
11
83.212425
21
126.037951
31
0.000000
0
LINE
8
OUTLINE
10
83.212425
20
126.037951
30
0.000000
11
80.138791
21
124.106659
31
0.000000
0
LINE
8
OUTLINE
10
80.138791
20
124.106659
30
0.000000
11
77.218076
21
121.951074
31
0.000000
0
LINE
8
OUTLINE
10
77.218076
20
121.951074
30
0.000000
11
74.466616
21
119.583251
31
0.000000
0
LINE
8
OUTLINE
10
74.466616
20
119.583251
30
0.000000
11
71.899797
21
117.016432
31
0.000000
0
LINE
8
OUTLINE
10
71.899797
20
117.016432
30
0.000000
11
69.531974
21
114.264971
31
0.000000
0
LINE
8
OUTLINE
10
69.531974
20
114.264971
30
0.000000
11
67.376389
21
111.344257
31
0.000000
0
LINE
8
OUTLINE
10
67.376389
20
111.344257
30
0.000000
11
65.445096
21
108.270623
31
0.000000
0
LINE
8
OUTLINE
10
65.445096
20
108.270623
30
0.000000
11
63.748897
21
105.061257
31
0.000000
0
LINE
8
OUTLINE
10
63.748897
20
105.061257
30
0.000000
11
62.297277
21
101.734108
31
0.000000
0
LINE
8
OUTLINE
10
62.297277
20
101.734108
30
0.000000
11
61.098354
21
98.307783
31
0.000000
0
LINE
8
OUTLINE
10
61.098354
20
98.307783
30
0.000000
11
60.158833
21
94.801443
31
0.000000
0
LINE
8
OUTLINE
10
60.158833
20
94.801443
30
0.000000
11
59.483968
21
91.234697
31
0.000000
0
LINE
8
OUTLINE
10
59.483968
20
91.234697
30
0.000000
11
59.077534
21
87.627492
31
0.000000
0
LINE
8
OUTLINE
10
59.077534
20
87.627492
30
0.000000
11
58.941803
21
84.000000
31
0.000000
0
LINE
8
OUTLINE
10
58.941803
20
84.000000
30
0.000000
11
59.077534
21
80.372508
31
0.000000
0
LINE
8
OUTLINE
10
59.077534
20
80.372508
30
0.000000
11
59.483968
21
76.765303
31
0.000000
0
LINE
8
OUTLINE
10
59.483968
20
76.765303
30
0.000000
11
60.158833
21
73.198557
31
0.000000
0
LINE
8
OUTLINE
10
60.158833
20
73.198557
30
0.000000
11
61.098354
21
69.692217
31
0.000000
0
LINE
8
OUTLINE
10
61.098354
20
69.692217
30
0.000000
11
62.297277
21
66.265892
31
0.000000
0
LINE
8
OUTLINE
10
62.297277
20
66.265892
30
0.000000
11
63.748897
21
62.938743
31
0.000000
0
LINE
8
OUTLINE
10
63.748897
20
62.938743
30
0.000000
11
65.445096
21
59.729377
31
0.000000
0
LINE
8
OUTLINE
10
65.445096
20
59.729377
30
0.000000
11
67.376389
21
56.655743
31
0.000000
0
LINE
8
OUTLINE
10
67.376389
20
56.655743
30
0.000000
11
69.531974
21
53.735029
31
0.000000
0
LINE
8
OUTLINE
10
69.531974
20
53.735029
30
0.000000
11
71.899797
21
50.983568
31
0.000000
0
LINE
8
OUTLINE
10
71.899797
20
50.983568
30
0.000000
11
74.466616
21
48.416749
31
0.000000
0
LINE
8
OUTLINE
10
74.466616
20
48.416749
30
0.000000
11
77.218076
21
46.048926
31
0.000000
0
LINE
8
OUTLINE
10
77.218076
20
46.048926
30
0.000000
11
80.138791
21
43.893341
31
0.000000
0
LINE
8
OUTLINE
10
80.138791
20
43.893341
30
0.000000
11
83.212425
21
41.962049
31
0.000000
0
LINE
8
OUTLINE
10
83.212425
20
41.962049
30
0.000000
11
86.421791
21
40.265849
31
0.000000
0
LINE
8
OUTLINE
10
86.421791
20
40.265849
30
0.000000
11
89.748940
21
38.814229
31
0.000000
0
LINE
8
OUTLINE
10
89.748940
20
38.814229
30
0.000000
11
93.175265
21
37.615306
31
0.000000
0
LINE
8
OUTLINE
10
93.175265
20
37.615306
30
0.000000
11
96.681605
21
36.675785
31
0.000000
0
LINE
8
OUTLINE
10
96.681605
20
36.675785
30
0.000000
11
100.248351
21
36.000921
31
0.000000
0
LINE
8
OUTLINE
10
100.248351
20
36.000921
30
0.000000
11
103.855556
21
35.594486
31
0.000000
0
LINE
8
OUTLINE
10
103.855556
20
35.594486
30
0.000000
11
107.483048
21
35.458755
31
0.000000
0
LINE
8
OUTLINE
10
107.483048
20
35.458755
30
0.000000
11
111.110540
21
35.594486
31
0.000000
0
LINE
8
OUTLINE
10
111.110540
20
35.594486
30
0.000000
11
114.717745
21
36.000921
31
0.000000
0
LINE
8
OUTLINE
10
114.717745
20
36.000921
30
0.000000
11
118.284491
21
36.675785
31
0.000000
0
LINE
8
OUTLINE
10
118.284491
20
36.675785
30
0.000000
11
121.790831
21
37.615306
31
0.000000
0
LINE
8
OUTLINE
10
121.790831
20
37.615306
30
0.000000
11
125.217156
21
38.814229
31
0.000000
0
LINE
8
OUTLINE
10
125.217156
20
38.814229
30
0.000000
11
128.544305
21
40.265849
31
0.000000
0
LINE
8
OUTLINE
10
128.544305
20
40.265849
30
0.000000
11
131.753670
21
41.962049
31
0.000000
0
LINE
8
OUTLINE
10
131.753670
20
41.962049
30
0.000000
11
134.827305
21
43.893341
31
0.000000
0
LINE
8
OUTLINE
10
134.827305
20
43.893341
30
0.000000
11
137.748019
21
46.048926
31
0.000000
0
LINE
8
OUTLINE
10
137.748019
20
46.048926
30
0.000000
11
140.499479
21
48.416749
31
0.000000
0
LINE
8
OUTLINE
10
140.499479
20
48.416749
30
0.000000
11
143.066298
21
50.983568
31
0.000000
0
LINE
8
OUTLINE
10
143.066298
20
50.983568
30
0.000000
11
145.434121
21
53.735029
31
0.000000
0
LINE
8
OUTLINE
10
145.434121
20
53.735029
30
0.000000
11
147.589707
21
56.655743
31
0.000000
0
LINE
8
OUTLINE
10
147.589707
20
56.655743
30
0.000000
11
149.520999
21
59.729377
31
0.000000
0
LINE
8
OUTLINE
10
149.520999
20
59.729377
30
0.000000
11
151.217198
21
62.938743
31
0.000000
0
LINE
8
OUTLINE
10
151.217198
20
62.938743
30
0.000000
11
152.668818
21
66.265892
31
0.000000
0
LINE
8
OUTLINE
10
152.668818
20
66.265892
30
0.000000
11
153.867741
21
69.692217
31
0.000000
0
LINE
8
OUTLINE
10
153.867741
20
69.692217
30
0.000000
11
154.807262
21
73.198557
31
0.000000
0
LINE
8
OUTLINE
10
154.807262
20
73.198557
30
0.000000
11
155.482127
21
76.765303
31
0.000000
0
LINE
8
OUTLINE
10
155.482127
20
76.765303
30
0.000000
11
155.888562
21
80.372508
31
0.000000
0
LINE
8
OUTLINE
10
155.888562
20
80.372508
30
0.000000
11
156.024293
21
84.000000
31
0.000000
0
LINE
8
HIDDEN
10
159.491525
20
84.000000
30
0.000000
11
159.355950
21
87.752815
31
0.000000
0
LINE
8
HIDDEN
10
159.355950
20
87.752815
30
0.000000
11
158.949935
21
91.486065
31
0.000000
0
LINE
8
HIDDEN
10
158.949935
20
91.486065
30
0.000000
11
158.275595
21
95.180285
31
0.000000
0
LINE
8
HIDDEN
10
158.275595
20
95.180285
30
0.000000
11
157.336447
21
98.816217
31
0.000000
0
LINE
8
HIDDEN
10
157.336447
20
98.816217
30
0.000000
11
156.137385
21
102.374904
31
0.000000
0
LINE
8
HIDDEN
10
156.137385
20
102.374904
30
0.000000
11
154.684663
21
105.837793
31
0.000000
0
LINE
8
HIDDEN
10
154.684663
20
105.837793
30
0.000000
11
152.985853
21
109.186829
31
0.000000
0
LINE
8
HIDDEN
10
152.985853
20
109.186829
30
0.000000
11
151.049813
21
112.404553
31
0.000000
0
LINE
8
HIDDEN
10
151.049813
20
112.404553
30
0.000000
11
148.886635
21
115.474189
31
0.000000
0
LINE
8
HIDDEN
10
148.886635
20
115.474189
30
0.000000
11
146.507599
21
118.379733
31
0.000000
0
LINE
8
HIDDEN
10
146.507599
20
118.379733
30
0.000000
11
143.925107
21
121.106037
31
0.000000
0
LINE
8
HIDDEN
10
143.925107
20
121.106037
30
0.000000
11
141.152622
21
123.638888
31
0.000000
0
LINE
8
HIDDEN
10
141.152622
20
123.638888
30
0.000000
11
138.204600
21
125.965079
31
0.000000
0
LINE
8
HIDDEN
10
138.204600
20
125.965079
30
0.000000
11
135.096410
21
128.072484
31
0.000000
0
LINE
8
HIDDEN
10
135.096410
20
128.072484
30
0.000000
11
131.844257
21
129.950116
31
0.000000
0
LINE
8
HIDDEN
10
131.844257
20
129.950116
30
0.000000
11
128.465096
21
131.588185
31
0.000000
0
LINE
8
HIDDEN
10
128.465096
20
131.588185
30
0.000000
11
124.976544
21
132.978151
31
0.000000
0
LINE
8
HIDDEN
10
124.976544
20
132.978151
30
0.000000
11
121.396789
21
134.112767
31
0.000000
0
LINE
8
HIDDEN
10
121.396789
20
134.112767
30
0.000000
11
117.744494
21
134.986119
31
0.000000
0
LINE
8
HIDDEN
10
117.744494
20
134.986119
30
0.000000
11
114.038701
21
135.593653
31
0.000000
0
LINE
8
HIDDEN
10
114.038701
20
135.593653
30
0.000000
11
110.298730
21
135.932202
31
0.000000
0
LINE
8
HIDDEN
10
110.298730
20
135.932202
30
0.000000
11
106.544079
21
136.000000
31
0.000000
0
LINE
8
HIDDEN
10
106.544079
20
136.000000
30
0.000000
11
102.794323
21
135.796694
31
0.000000
0
LINE
8
HIDDEN
10
102.794323
20
135.796694
30
0.000000
11
99.069012
21
135.323344
31
0.000000
0
LINE
8
HIDDEN
10
99.069012
20
135.323344
30
0.000000
11
95.387569
21
134.582418
31
0.000000
0
LINE
8
HIDDEN
10
95.387569
20
134.582418
30
0.000000
11
91.769185
21
133.577779
31
0.000000
0
LINE
8
HIDDEN
10
91.769185
20
133.577779
30
0.000000
11
88.232726
21
132.314664
31
0.000000
0
LINE
8
HIDDEN
10
88.232726
20
132.314664
30
0.000000
11
84.796629
21
130.799659
31
0.000000
0
LINE
8
HIDDEN
10
84.796629
20
130.799659
30
0.000000
11
81.478809
21
129.040662
31
0.000000
0
LINE
8
HIDDEN
10
81.478809
20
129.040662
30
0.000000
11
78.296563
21
127.046844
31
0.000000
0
LINE
8
HIDDEN
10
78.296563
20
127.046844
30
0.000000
11
75.266482
21
124.828600
31
0.000000
0
LINE
8
HIDDEN
10
75.266482
20
124.828600
30
0.000000
11
72.404363
21
122.397494
31
0.000000
0
LINE
8
HIDDEN
10
72.404363
20
122.397494
30
0.000000
11
69.725128
21
119.766201
31
0.000000
0
LINE
8
HIDDEN
10
69.725128
20
119.766201
30
0.000000
11
67.242745
21
116.948440
31
0.000000
0
LINE
8
HIDDEN
10
67.242745
20
116.948440
30
0.000000
11
64.970157
21
113.958902
31
0.000000
0
LINE
8
HIDDEN
10
64.970157
20
113.958902
30
0.000000
11
62.919211
21
110.813171
31
0.000000
0
LINE
8
HIDDEN
10
62.919211
20
110.813171
30
0.000000
11
61.100600
21
107.527649
31
0.000000
0
LINE
8
HIDDEN
10
61.100600
20
107.527649
30
0.000000
11
59.523806
21
104.119464
31
0.000000
0
LINE
8
HIDDEN
10
59.523806
20
104.119464
30
0.000000
11
58.197050
21
100.606386
31
0.000000
0
LINE
8
HIDDEN
10
58.197050
20
100.606386
30
0.000000
11
57.127247
21
97.006730
31
0.000000
0
LINE
8
HIDDEN
10
57.127247
20
97.006730
30
0.000000
11
56.319977
21
93.339263
31
0.000000
0
LINE
8
HIDDEN
10
56.319977
20
93.339263
30
0.000000
11
55.779447
21
89.623105
31
0.000000
0
LINE
8
HIDDEN
10
55.779447
20
89.623105
30
0.000000
11
55.508475
21
85.877632
31
0.000000
0
LINE
8
HIDDEN
10
55.508475
20
85.877632
30
0.000000
11
55.508475
21
82.122368
31
0.000000
0
LINE
8
HIDDEN
10
55.508475
20
82.122368
30
0.000000
11
55.779447
21
78.376895
31
0.000000
0
LINE
8
HIDDEN
10
55.779447
20
78.376895
30
0.000000
11
56.319977
21
74.660737
31
0.000000
0
LINE
8
HIDDEN
10
56.319977
20
74.660737
30
0.000000
11
57.127247
21
70.993270
31
0.000000
0
LINE
8
HIDDEN
10
57.127247
20
70.993270
30
0.000000
11
58.197050
21
67.393614
31
0.000000
0
LINE
8
HIDDEN
10
58.197050
20
67.393614
30
0.000000
11
59.523806
21
63.880536
31
0.000000
0
LINE
8
HIDDEN
10
59.523806
20
63.880536
30
0.000000
11
61.100600
21
60.472351
31
0.000000
0
LINE
8
HIDDEN
10
61.100600
20
60.472351
30
0.000000
11
62.919211
21
57.186829
31
0.000000
0
LINE
8
HIDDEN
10
62.919211
20
57.186829
30
0.000000
11
64.970157
21
54.041098
31
0.000000
0
LINE
8
HIDDEN
10
64.970157
20
54.041098
30
0.000000
11
67.242745
21
51.051560
31
0.000000
0
LINE
8
HIDDEN
10
67.242745
20
51.051560
30
0.000000
11
69.725128
21
48.233799
31
0.000000
0
LINE
8
HIDDEN
10
69.725128
20
48.233799
30
0.000000
11
72.404363
21
45.602506
31
0.000000
0
LINE
8
HIDDEN
10
72.404363
20
45.602506
30
0.000000
11
75.266482
21
43.171400
31
0.000000
0
LINE
8
HIDDEN
10
75.266482
20
43.171400
30
0.000000
11
78.296563
21
40.953156
31
0.000000
0
LINE
8
HIDDEN
10
78.296563
20
40.953156
30
0.000000
11
81.478809
21
38.959338
31
0.000000
0
LINE
8
HIDDEN
10
81.478809
20
38.959338
30
0.000000
11
84.796629
21
37.200341
31
0.000000
0
LINE
8
HIDDEN
10
84.796629
20
37.200341
30
0.000000
11
88.232726
21
35.685336
31
0.000000
0
LINE
8
HIDDEN
10
88.232726
20
35.685336
30
0.000000
11
91.769185
21
34.422221
31
0.000000
0
LINE
8
HIDDEN
10
91.769185
20
34.422221
30
0.000000
11
95.387569
21
33.417582
31
0.000000
0
LINE
8
HIDDEN
10
95.387569
20
33.417582
30
0.000000
11
99.069012
21
32.676656
31
0.000000
0
LINE
8
HIDDEN
10
99.069012
20
32.676656
30
0.000000
11
102.794323
21
32.203306
31
0.000000
0
LINE
8
HIDDEN
10
102.794323
20
32.203306
30
0.000000
11
106.544079
21
32.000000
31
0.000000
0
LINE
8
HIDDEN
10
106.544079
20
32.000000
30
0.000000
11
110.298730
21
32.067798
31
0.000000
0
LINE
8
HIDDEN
10
110.298730
20
32.067798
30
0.000000
11
114.038701
21
32.406347
31
0.000000
0
LINE
8
HIDDEN
10
114.038701
20
32.406347
30
0.000000
11
117.744494
21
33.013881
31
0.000000
0
LINE
8
HIDDEN
10
117.744494
20
33.013881
30
0.000000
11
121.396789
21
33.887233
31
0.000000
0
LINE
8
HIDDEN
10
121.396789
20
33.887233
30
0.000000
11
124.976544
21
35.021849
31
0.000000
0
LINE
8
HIDDEN
10
124.976544
20
35.021849
30
0.000000
11
128.465096
21
36.411815
31
0.000000
0
LINE
8
HIDDEN
10
128.465096
20
36.411815
30
0.000000
11
131.844257
21
38.049884
31
0.000000
0
LINE
8
HIDDEN
10
131.844257
20
38.049884
30
0.000000
11
135.096410
21
39.927516
31
0.000000
0
LINE
8
HIDDEN
10
135.096410
20
39.927516
30
0.000000
11
138.204600
21
42.034921
31
0.000000
0
LINE
8
HIDDEN
10
138.204600
20
42.034921
30
0.000000
11
141.152622
21
44.361112
31
0.000000
0
LINE
8
HIDDEN
10
141.152622
20
44.361112
30
0.000000
11
143.925107
21
46.893963
31
0.000000
0
LINE
8
HIDDEN
10
143.925107
20
46.893963
30
0.000000
11
146.507599
21
49.620267
31
0.000000
0
LINE
8
HIDDEN
10
146.507599
20
49.620267
30
0.000000
11
148.886635
21
52.525811
31
0.000000
0
LINE
8
HIDDEN
10
148.886635
20
52.525811
30
0.000000
11
151.049813
21
55.595447
31
0.000000
0
LINE
8
HIDDEN
10
151.049813
20
55.595447
30
0.000000
11
152.985853
21
58.813171
31
0.000000
0
LINE
8
HIDDEN
10
152.985853
20
58.813171
30
0.000000
11
154.684663
21
62.162207
31
0.000000
0
LINE
8
HIDDEN
10
154.684663
20
62.162207
30
0.000000
11
156.137385
21
65.625096
31
0.000000
0
LINE
8
HIDDEN
10
156.137385
20
65.625096
30
0.000000
11
157.336447
21
69.183783
31
0.000000
0
LINE
8
HIDDEN
10
157.336447
20
69.183783
30
0.000000
11
158.275595
21
72.819715
31
0.000000
0
LINE
8
HIDDEN
10
158.275595
20
72.819715
30
0.000000
11
158.949935
21
76.513935
31
0.000000
0
LINE
8
HIDDEN
10
158.949935
20
76.513935
30
0.000000
11
159.355950
21
80.247185
31
0.000000
0
LINE
8
HIDDEN
10
159.355950
20
80.247185
30
0.000000
11
159.491525
21
84.000000
31
0.000000
0
LINE
8
HIDDEN
10
86.581969
20
57.031266
30
0.000000
11
86.449376
21
58.292802
31
0.000000
0
LINE
8
HIDDEN
10
86.449376
20
58.292802
30
0.000000
11
86.057393
21
59.499204
31
0.000000
0
LINE
8
HIDDEN
10
86.057393
20
59.499204
30
0.000000
11
85.423150
21
60.597744
31
0.000000
0
LINE
8
HIDDEN
10
85.423150
20
60.597744
30
0.000000
11
84.574368
21
61.540413
31
0.000000
0
LINE
8
HIDDEN
10
84.574368
20
61.540413
30
0.000000
11
83.548141
21
62.286010
31
0.000000
0
LINE
8
HIDDEN
10
83.548141
20
62.286010
30
0.000000
11
82.389322
21
62.801949
31
0.000000
0
LINE
8
HIDDEN
10
82.389322
20
62.801949
30
0.000000
11
81.148556
21
63.065682
31
0.000000
0
LINE
8
HIDDEN
10
81.148556
20
63.065682
30
0.000000
11
79.880071
21
63.065682
31
0.000000
0
LINE
8
HIDDEN
10
79.880071
20
63.065682
30
0.000000
11
78.639305
21
62.801949
31
0.000000
0
LINE
8
HIDDEN
10
78.639305
20
62.801949
30
0.000000
11
77.480486
21
62.286010
31
0.000000
0
LINE
8
HIDDEN
10
77.480486
20
62.286010
30
0.000000
11
76.454259
21
61.540413
31
0.000000
0
LINE
8
HIDDEN
10
76.454259
20
61.540413
30
0.000000
11
75.605477
21
60.597744
31
0.000000
0
LINE
8
HIDDEN
10
75.605477
20
60.597744
30
0.000000
11
74.971234
21
59.499204
31
0.000000
0
LINE
8
HIDDEN
10
74.971234
20
59.499204
30
0.000000
11
74.579251
21
58.292802
31
0.000000
0
LINE
8
HIDDEN
10
74.579251
20
58.292802
30
0.000000
11
74.446658
21
57.031266
31
0.000000
0
LINE
8
HIDDEN
10
74.446658
20
57.031266
30
0.000000
11
74.579251
21
55.769729
31
0.000000
0
LINE
8
HIDDEN
10
74.579251
20
55.769729
30
0.000000
11
74.971234
21
54.563328
31
0.000000
0
LINE
8
HIDDEN
10
74.971234
20
54.563328
30
0.000000
11
75.605477
21
53.464787
31
0.000000
0
LINE
8
HIDDEN
10
75.605477
20
53.464787
30
0.000000
11
76.454259
21
52.522119
31
0.000000
0
LINE
8
HIDDEN
10
76.454259
20
52.522119
30
0.000000
11
77.480486
21
51.776522
31
0.000000
0
LINE
8
HIDDEN
10
77.480486
20
51.776522
30
0.000000
11
78.639305
21
51.260582
31
0.000000
0
LINE
8
HIDDEN
10
78.639305
20
51.260582
30
0.000000
11
79.880071
21
50.996849
31
0.000000
0
LINE
8
HIDDEN
10
79.880071
20
50.996849
30
0.000000
11
81.148556
21
50.996849
31
0.000000
0
LINE
8
HIDDEN
10
81.148556
20
50.996849
30
0.000000
11
82.389322
21
51.260582
31
0.000000
0
LINE
8
HIDDEN
10
82.389322
20
51.260582
30
0.000000
11
83.548141
21
51.776522
31
0.000000
0
LINE
8
HIDDEN
10
83.548141
20
51.776522
30
0.000000
11
84.574368
21
52.522119
31
0.000000
0
LINE
8
HIDDEN
10
84.574368
20
52.522119
30
0.000000
11
85.423150
21
53.464787
31
0.000000
0
LINE
8
HIDDEN
10
85.423150
20
53.464787
30
0.000000
11
86.057393
21
54.563328
31
0.000000
0
LINE
8
HIDDEN
10
86.057393
20
54.563328
30
0.000000
11
86.449376
21
55.769729
31
0.000000
0
LINE
8
HIDDEN
10
86.449376
20
55.769729
30
0.000000
11
86.581969
21
57.031266
31
0.000000
0
LINE
8
HIDDEN
10
140.519438
20
57.031266
30
0.000000
11
140.386845
21
58.292802
31
0.000000
0
LINE
8
HIDDEN
10
140.386845
20
58.292802
30
0.000000
11
139.994861
21
59.499204
31
0.000000
0
LINE
8
HIDDEN
10
139.994861
20
59.499204
30
0.000000
11
139.360618
21
60.597744
31
0.000000
0
LINE
8
HIDDEN
10
139.360618
20
60.597744
30
0.000000
11
138.511836
21
61.540413
31
0.000000
0
LINE
8
HIDDEN
10
138.511836
20
61.540413
30
0.000000
11
137.485610
21
62.286010
31
0.000000
0
LINE
8
HIDDEN
10
137.485610
20
62.286010
30
0.000000
11
136.326791
21
62.801949
31
0.000000
0
LINE
8
HIDDEN
10
136.326791
20
62.801949
30
0.000000
11
135.086025
21
63.065682
31
0.000000
0
LINE
8
HIDDEN
10
135.086025
20
63.065682
30
0.000000
11
133.817539
21
63.065682
31
0.000000
0
LINE
8
HIDDEN
10
133.817539
20
63.065682
30
0.000000
11
132.576773
21
62.801949
31
0.000000
0
LINE
8
HIDDEN
10
132.576773
20
62.801949
30
0.000000
11
131.417954
21
62.286010
31
0.000000
0
LINE
8
HIDDEN
10
131.417954
20
62.286010
30
0.000000
11
130.391728
21
61.540413
31
0.000000
0
LINE
8
HIDDEN
10
130.391728
20
61.540413
30
0.000000
11
129.542945
21
60.597744
31
0.000000
0
LINE
8
HIDDEN
10
129.542945
20
60.597744
30
0.000000
11
128.908703
21
59.499204
31
0.000000
0
LINE
8
HIDDEN
10
128.908703
20
59.499204
30
0.000000
11
128.516719
21
58.292802
31
0.000000
0
LINE
8
HIDDEN
10
128.516719
20
58.292802
30
0.000000
11
128.384126
21
57.031266
31
0.000000
0
LINE
8
HIDDEN
10
128.384126
20
57.031266
30
0.000000
11
128.516719
21
55.769729
31
0.000000
0
LINE
8
HIDDEN
10
128.516719
20
55.769729
30
0.000000
11
128.908703
21
54.563328
31
0.000000
0
LINE
8
HIDDEN
10
128.908703
20
54.563328
30
0.000000
11
129.542945
21
53.464787
31
0.000000
0
LINE
8
HIDDEN
10
129.542945
20
53.464787
30
0.000000
11
130.391728
21
52.522119
31
0.000000
0
LINE
8
HIDDEN
10
130.391728
20
52.522119
30
0.000000
11
131.417954
21
51.776522
31
0.000000
0
LINE
8
HIDDEN
10
131.417954
20
51.776522
30
0.000000
11
132.576773
21
51.260582
31
0.000000
0
LINE
8
HIDDEN
10
132.576773
20
51.260582
30
0.000000
11
133.817539
21
50.996849
31
0.000000
0
LINE
8
HIDDEN
10
133.817539
20
50.996849
30
0.000000
11
135.086025
21
50.996849
31
0.000000
0
LINE
8
HIDDEN
10
135.086025
20
50.996849
30
0.000000
11
136.326791
21
51.260582
31
0.000000
0
LINE
8
HIDDEN
10
136.326791
20
51.260582
30
0.000000
11
137.485610
21
51.776522
31
0.000000
0
LINE
8
HIDDEN
10
137.485610
20
51.776522
30
0.000000
11
138.511836
21
52.522119
31
0.000000
0
LINE
8
HIDDEN
10
138.511836
20
52.522119
30
0.000000
11
139.360618
21
53.464787
31
0.000000
0
LINE
8
HIDDEN
10
139.360618
20
53.464787
30
0.000000
11
139.994861
21
54.563328
31
0.000000
0
LINE
8
HIDDEN
10
139.994861
20
54.563328
30
0.000000
11
140.386845
21
55.769729
31
0.000000
0
LINE
8
HIDDEN
10
140.386845
20
55.769729
30
0.000000
11
140.519438
21
57.031266
31
0.000000
0
LINE
8
HIDDEN
10
86.581969
20
110.968734
30
0.000000
11
86.449376
21
112.230271
31
0.000000
0
LINE
8
HIDDEN
10
86.449376
20
112.230271
30
0.000000
11
86.057393
21
113.436672
31
0.000000
0
LINE
8
HIDDEN
10
86.057393
20
113.436672
30
0.000000
11
85.423150
21
114.535213
31
0.000000
0
LINE
8
HIDDEN
10
85.423150
20
114.535213
30
0.000000
11
84.574368
21
115.477881
31
0.000000
0
LINE
8
HIDDEN
10
84.574368
20
115.477881
30
0.000000
11
83.548141
21
116.223478
31
0.000000
0
LINE
8
HIDDEN
10
83.548141
20
116.223478
30
0.000000
11
82.389322
21
116.739418
31
0.000000
0
LINE
8
HIDDEN
10
82.389322
20
116.739418
30
0.000000
11
81.148556
21
117.003151
31
0.000000
0
LINE
8
HIDDEN
10
81.148556
20
117.003151
30
0.000000
11
79.880071
21
117.003151
31
0.000000
0
LINE
8
HIDDEN
10
79.880071
20
117.003151
30
0.000000
11
78.639305
21
116.739418
31
0.000000
0
LINE
8
HIDDEN
10
78.639305
20
116.739418
30
0.000000
11
77.480486
21
116.223478
31
0.000000
0
LINE
8
HIDDEN
10
77.480486
20
116.223478
30
0.000000
11
76.454259
21
115.477881
31
0.000000
0
LINE
8
HIDDEN
10
76.454259
20
115.477881
30
0.000000
11
75.605477
21
114.535213
31
0.000000
0
LINE
8
HIDDEN
10
75.605477
20
114.535213
30
0.000000
11
74.971234
21
113.436672
31
0.000000
0
LINE
8
HIDDEN
10
74.971234
20
113.436672
30
0.000000
11
74.579251
21
112.230271
31
0.000000
0
LINE
8
HIDDEN
10
74.579251
20
112.230271
30
0.000000
11
74.446658
21
110.968734
31
0.000000
0
LINE
8
HIDDEN
10
74.446658
20
110.968734
30
0.000000
11
74.579251
21
109.707198
31
0.000000
0
LINE
8
HIDDEN
10
74.579251
20
109.707198
30
0.000000
11
74.971234
21
108.500796
31
0.000000
0
LINE
8
HIDDEN
10
74.971234
20
108.500796
30
0.000000
11
75.605477
21
107.402256
31
0.000000
0
LINE
8
HIDDEN
10
75.605477
20
107.402256
30
0.000000
11
76.454259
21
106.459587
31
0.000000
0
LINE
8
HIDDEN
10
76.454259
20
106.459587
30
0.000000
11
77.480486
21
105.713990
31
0.000000
0
LINE
8
HIDDEN
10
77.480486
20
105.713990
30
0.000000
11
78.639305
21
105.198051
31
0.000000
0
LINE
8
HIDDEN
10
78.639305
20
105.198051
30
0.000000
11
79.880071
21
104.934318
31
0.000000
0
LINE
8
HIDDEN
10
79.880071
20
104.934318
30
0.000000
11
81.148556
21
104.934318
31
0.000000
0
LINE
8
HIDDEN
10
81.148556
20
104.934318
30
0.000000
11
82.389322
21
105.198051
31
0.000000
0
LINE
8
HIDDEN
10
82.389322
20
105.198051
30
0.000000
11
83.548141
21
105.713990
31
0.000000
0
LINE
8
HIDDEN
10
83.548141
20
105.713990
30
0.000000
11
84.574368
21
106.459587
31
0.000000
0
LINE
8
HIDDEN
10
84.574368
20
106.459587
30
0.000000
11
85.423150
21
107.402256
31
0.000000
0
LINE
8
HIDDEN
10
85.423150
20
107.402256
30
0.000000
11
86.057393
21
108.500796
31
0.000000
0
LINE
8
HIDDEN
10
86.057393
20
108.500796
30
0.000000
11
86.449376
21
109.707198
31
0.000000
0
LINE
8
HIDDEN
10
86.449376
20
109.707198
30
0.000000
11
86.581969
21
110.968734
31
0.000000
0
LINE
8
HIDDEN
10
124.819207
20
84.000000
30
0.000000
11
124.682506
21
86.172797
31
0.000000
0
LINE
8
HIDDEN
10
124.682506
20
86.172797
30
0.000000
11
124.274559
21
88.311327
31
0.000000
0
LINE
8
HIDDEN
10
124.274559
20
88.311327
30
0.000000
11
123.601801
21
90.381866
31
0.000000
0
LINE
8
HIDDEN
10
123.601801
20
90.381866
30
0.000000
11
122.674840
21
92.351758
31
0.000000
0
LINE
8
HIDDEN
10
122.674840
20
92.351758
30
0.000000
11
121.508295
21
94.189939
31
0.000000
0
LINE
8
HIDDEN
10
121.508295
20
94.189939
30
0.000000
11
120.120564
21
95.867417
31
0.000000
0
LINE
8
HIDDEN
10
120.120564
20
95.867417
30
0.000000
11
118.533531
21
97.357740
31
0.000000
0
LINE
8
HIDDEN
10
118.533531
20
97.357740
30
0.000000
11
116.772226
21
98.637403
31
0.000000
0
LINE
8
HIDDEN
10
116.772226
20
98.637403
30
0.000000
11
114.864425
21
99.686226
31
0.000000
0
LINE
8
HIDDEN
10
114.864425
20
99.686226
30
0.000000
11
112.840215
21
100.487667
31
0.000000
0
LINE
8
HIDDEN
10
112.840215
20
100.487667
30
0.000000
11
110.731520
21
101.029088
31
0.000000
0
LINE
8
HIDDEN
10
110.731520
20
101.029088
30
0.000000
11
108.571594
21
101.301950
31
0.000000
0
LINE
8
HIDDEN
10
108.571594
20
101.301950
30
0.000000
11
106.394501
21
101.301950
31
0.000000
0
LINE
8
HIDDEN
10
106.394501
20
101.301950
30
0.000000
11
104.234575
21
101.029088
31
0.000000
0
LINE
8
HIDDEN
10
104.234575
20
101.029088
30
0.000000
11
102.125880
21
100.487667
31
0.000000
0
LINE
8
HIDDEN
10
102.125880
20
100.487667
30
0.000000
11
100.101670
21
99.686226
31
0.000000
0
LINE
8
HIDDEN
10
100.101670
20
99.686226
30
0.000000
11
98.193869
21
98.637403
31
0.000000
0
LINE
8
HIDDEN
10
98.193869
20
98.637403
30
0.000000
11
96.432564
21
97.357740
31
0.000000
0
LINE
8
HIDDEN
10
96.432564
20
97.357740
30
0.000000
11
94.845532
21
95.867417
31
0.000000
0
LINE
8
HIDDEN
10
94.845532
20
95.867417
30
0.000000
11
93.457801
21
94.189939
31
0.000000
0
LINE
8
HIDDEN
10
93.457801
20
94.189939
30
0.000000
11
92.291256
21
92.351758
31
0.000000
0
LINE
8
HIDDEN
10
92.291256
20
92.351758
30
0.000000
11
91.364295
21
90.381866
31
0.000000
0
LINE
8
HIDDEN
10
91.364295
20
90.381866
30
0.000000
11
90.691536
21
88.311327
31
0.000000
0
LINE
8
HIDDEN
10
90.691536
20
88.311327
30
0.000000
11
90.283590
21
86.172797
31
0.000000
0
LINE
8
HIDDEN
10
90.283590
20
86.172797
30
0.000000
11
90.146889
21
84.000000
31
0.000000
0
LINE
8
HIDDEN
10
90.146889
20
84.000000
30
0.000000
11
90.283590
21
81.827203
31
0.000000
0
LINE
8
HIDDEN
10
90.283590
20
81.827203
30
0.000000
11
90.691536
21
79.688673
31
0.000000
0
LINE
8
HIDDEN
10
90.691536
20
79.688673
30
0.000000
11
91.364295
21
77.618134
31
0.000000
0
LINE
8
HIDDEN
10
91.364295
20
77.618134
30
0.000000
11
92.291256
21
75.648242
31
0.000000
0
LINE
8
HIDDEN
10
92.291256
20
75.648242
30
0.000000
11
93.457801
21
73.810061
31
0.000000
0
LINE
8
HIDDEN
10
93.457801
20
73.810061
30
0.000000
11
94.845532
21
72.132583
31
0.000000
0
LINE
8
HIDDEN
10
94.845532
20
72.132583
30
0.000000
11
96.432564
21
70.642260
31
0.000000
0
LINE
8
HIDDEN
10
96.432564
20
70.642260
30
0.000000
11
98.193869
21
69.362597
31
0.000000
0
LINE
8
HIDDEN
10
98.193869
20
69.362597
30
0.000000
11
100.101670
21
68.313774
31
0.000000
0
LINE
8
HIDDEN
10
100.101670
20
68.313774
30
0.000000
11
102.125880
21
67.512333
31
0.000000
0
LINE
8
HIDDEN
10
102.125880
20
67.512333
30
0.000000
11
104.234575
21
66.970912
31
0.000000
0
LINE
8
HIDDEN
10
104.234575
20
66.970912
30
0.000000
11
106.394501
21
66.698050
31
0.000000
0
LINE
8
HIDDEN
10
106.394501
20
66.698050
30
0.000000
11
108.571594
21
66.698050
31
0.000000
0
LINE
8
HIDDEN
10
108.571594
20
66.698050
30
0.000000
11
110.731520
21
66.970912
31
0.000000
0
LINE
8
HIDDEN
10
110.731520
20
66.970912
30
0.000000
11
112.840215
21
67.512333
31
0.000000
0
LINE
8
HIDDEN
10
112.840215
20
67.512333
30
0.000000
11
114.864425
21
68.313774
31
0.000000
0
LINE
8
HIDDEN
10
114.864425
20
68.313774
30
0.000000
11
116.772226
21
69.362597
31
0.000000
0
LINE
8
HIDDEN
10
116.772226
20
69.362597
30
0.000000
11
118.533531
21
70.642260
31
0.000000
0
LINE
8
HIDDEN
10
118.533531
20
70.642260
30
0.000000
11
120.120564
21
72.132583
31
0.000000
0
LINE
8
HIDDEN
10
120.120564
20
72.132583
30
0.000000
11
121.508295
21
73.810061
31
0.000000
0
LINE
8
HIDDEN
10
121.508295
20
73.810061
30
0.000000
11
122.674840
21
75.648242
31
0.000000
0
LINE
8
HIDDEN
10
122.674840
20
75.648242
30
0.000000
11
123.601801
21
77.618134
31
0.000000
0
LINE
8
HIDDEN
10
123.601801
20
77.618134
30
0.000000
11
124.274559
21
79.688673
31
0.000000
0
LINE
8
HIDDEN
10
124.274559
20
79.688673
30
0.000000
11
124.682506
21
81.827203
31
0.000000
0
LINE
8
HIDDEN
10
124.682506
20
81.827203
30
0.000000
11
124.819207
21
84.000000
31
0.000000
0
LINE
8
HIDDEN
10
140.519438
20
110.968734
30
0.000000
11
140.386845
21
112.230271
31
0.000000
0
LINE
8
HIDDEN
10
140.386845
20
112.230271
30
0.000000
11
139.994861
21
113.436672
31
0.000000
0
LINE
8
HIDDEN
10
139.994861
20
113.436672
30
0.000000
11
139.360618
21
114.535213
31
0.000000
0
LINE
8
HIDDEN
10
139.360618
20
114.535213
30
0.000000
11
138.511836
21
115.477881
31
0.000000
0
LINE
8
HIDDEN
10
138.511836
20
115.477881
30
0.000000
11
137.485610
21
116.223478
31
0.000000
0
LINE
8
HIDDEN
10
137.485610
20
116.223478
30
0.000000
11
136.326791
21
116.739418
31
0.000000
0
LINE
8
HIDDEN
10
136.326791
20
116.739418
30
0.000000
11
135.086025
21
117.003151
31
0.000000
0
LINE
8
HIDDEN
10
135.086025
20
117.003151
30
0.000000
11
133.817539
21
117.003151
31
0.000000
0
LINE
8
HIDDEN
10
133.817539
20
117.003151
30
0.000000
11
132.576773
21
116.739418
31
0.000000
0
LINE
8
HIDDEN
10
132.576773
20
116.739418
30
0.000000
11
131.417954
21
116.223478
31
0.000000
0
LINE
8
HIDDEN
10
131.417954
20
116.223478
30
0.000000
11
130.391728
21
115.477881
31
0.000000
0
LINE
8
HIDDEN
10
130.391728
20
115.477881
30
0.000000
11
129.542945
21
114.535213
31
0.000000
0
LINE
8
HIDDEN
10
129.542945
20
114.535213
30
0.000000
11
128.908703
21
113.436672
31
0.000000
0
LINE
8
HIDDEN
10
128.908703
20
113.436672
30
0.000000
11
128.516719
21
112.230271
31
0.000000
0
LINE
8
HIDDEN
10
128.516719
20
112.230271
30
0.000000
11
128.384126
21
110.968734
31
0.000000
0
LINE
8
HIDDEN
10
128.384126
20
110.968734
30
0.000000
11
128.516719
21
109.707198
31
0.000000
0
LINE
8
HIDDEN
10
128.516719
20
109.707198
30
0.000000
11
128.908703
21
108.500796
31
0.000000
0
LINE
8
HIDDEN
10
128.908703
20
108.500796
30
0.000000
11
129.542945
21
107.402256
31
0.000000
0
LINE
8
HIDDEN
10
129.542945
20
107.402256
30
0.000000
11
130.391728
21
106.459587
31
0.000000
0
LINE
8
HIDDEN
10
130.391728
20
106.459587
30
0.000000
11
131.417954
21
105.713990
31
0.000000
0
LINE
8
HIDDEN
10
131.417954
20
105.713990
30
0.000000
11
132.576773
21
105.198051
31
0.000000
0
LINE
8
HIDDEN
10
132.576773
20
105.198051
30
0.000000
11
133.817539
21
104.934318
31
0.000000
0
LINE
8
HIDDEN
10
133.817539
20
104.934318
30
0.000000
11
135.086025
21
104.934318
31
0.000000
0
LINE
8
HIDDEN
10
135.086025
20
104.934318
30
0.000000
11
136.326791
21
105.198051
31
0.000000
0
LINE
8
HIDDEN
10
136.326791
20
105.198051
30
0.000000
11
137.485610
21
105.713990
31
0.000000
0
LINE
8
HIDDEN
10
137.485610
20
105.713990
30
0.000000
11
138.511836
21
106.459587
31
0.000000
0
LINE
8
HIDDEN
10
138.511836
20
106.459587
30
0.000000
11
139.360618
21
107.402256
31
0.000000
0
LINE
8
HIDDEN
10
139.360618
20
107.402256
30
0.000000
11
139.994861
21
108.500796
31
0.000000
0
LINE
8
HIDDEN
10
139.994861
20
108.500796
30
0.000000
11
140.386845
21
109.707198
31
0.000000
0
LINE
8
HIDDEN
10
140.386845
20
109.707198
30
0.000000
11
140.519438
21
110.968734
31
0.000000
0
LINE
8
OUTLINE
10
217.000000
20
214.933333
30
0.000000
11
218.328821
21
214.933333
31
0.000000
0
LINE
8
OUTLINE
10
218.328821
20
214.933333
30
0.000000
11
222.248650
21
214.933333
31
0.000000
0
LINE
8
OUTLINE
10
222.248650
20
214.933333
30
0.000000
11
228.562931
21
214.933333
31
0.000000
0
LINE
8
OUTLINE
10
228.562931
20
214.933333
30
0.000000
11
236.955041
21
214.933333
31
0.000000
0
LINE
8
OUTLINE
10
236.955041
20
214.933333
30
0.000000
11
247.004162
21
214.933333
31
0.000000
0
LINE
8
OUTLINE
10
247.004162
20
214.933333
30
0.000000
11
258.206391
21
214.933333
31
0.000000
0
LINE
8
OUTLINE
10
258.206391
20
214.933333
30
0.000000
11
270.000000
21
214.933333
31
0.000000
0
LINE
8
OUTLINE
10
270.000000
20
214.933333
30
0.000000
11
281.793609
21
214.933333
31
0.000000
0
LINE
8
OUTLINE
10
281.793609
20
214.933333
30
0.000000
11
292.995838
21
214.933333
31
0.000000
0
LINE
8
OUTLINE
10
292.995838
20
214.933333
30
0.000000
11
303.044959
21
214.933333
31
0.000000
0
LINE
8
OUTLINE
10
303.044959
20
214.933333
30
0.000000
11
311.437069
21
214.933333
31
0.000000
0
LINE
8
OUTLINE
10
311.437069
20
214.933333
30
0.000000
11
317.751350
21
214.933333
31
0.000000
0
LINE
8
OUTLINE
10
317.751350
20
214.933333
30
0.000000
11
321.671179
21
214.933333
31
0.000000
0
LINE
8
OUTLINE
10
321.671179
20
214.933333
30
0.000000
11
323.000000
21
214.933333
31
0.000000
0
LINE
8
OUTLINE
10
220.533333
20
229.066667
30
0.000000
11
221.773566
21
229.066667
31
0.000000
0
LINE
8
OUTLINE
10
221.773566
20
229.066667
30
0.000000
11
225.432073
21
229.066667
31
0.000000
0
LINE
8
OUTLINE
10
225.432073
20
229.066667
30
0.000000
11
231.325403
21
229.066667
31
0.000000
0
LINE
8
OUTLINE
10
231.325403
20
229.066667
30
0.000000
11
239.158038
21
229.066667
31
0.000000
0
LINE
8
OUTLINE
10
239.158038
20
229.066667
30
0.000000
11
248.537218
21
229.066667
31
0.000000
0
LINE
8
OUTLINE
10
248.537218
20
229.066667
30
0.000000
11
258.992631
21
229.066667
31
0.000000
0
LINE
8
OUTLINE
10
258.992631
20
229.066667
30
0.000000
11
270.000000
21
229.066667
31
0.000000
0
LINE
8
OUTLINE
10
270.000000
20
229.066667
30
0.000000
11
281.007369
21
229.066667
31
0.000000
0
LINE
8
OUTLINE
10
281.007369
20
229.066667
30
0.000000
11
291.462782
21
229.066667
31
0.000000
0
LINE
8
OUTLINE
10
291.462782
20
229.066667
30
0.000000
11
300.841962
21
229.066667
31
0.000000
0
LINE
8
OUTLINE
10
300.841962
20
229.066667
30
0.000000
11
308.674597
21
229.066667
31
0.000000
0
LINE
8
OUTLINE
10
308.674597
20
229.066667
30
0.000000
11
314.567927
21
229.066667
31
0.000000
0
LINE
8
OUTLINE
10
314.567927
20
229.066667
30
0.000000
11
318.226434
21
229.066667
31
0.000000
0
LINE
8
OUTLINE
10
318.226434
20
229.066667
30
0.000000
11
319.466667
21
229.066667
31
0.000000
0
LINE
8
OUTLINE
10
217.000000
20
225.533333
30
0.000000
11
217.000000
21
214.933333
31
0.000000
0
LINE
8
OUTLINE
10
323.000000
20
225.533333
30
0.000000
11
323.000000
21
214.933333
31
0.000000
0
LINE
8
OUTLINE
10
217.000000
20
225.533333
30
0.000000
11
217.067882
21
226.222601
31
0.000000
0
LINE
8
OUTLINE
10
217.067882
20
226.222601
30
0.000000
11
217.268919
21
226.885385
31
0.000000
0
LINE
8
OUTLINE
10
217.268919
20
226.885385
30
0.000000
11
217.595388
21
227.496219
31
0.000000
0
LINE
8
OUTLINE
10
217.595388
20
227.496219
30
0.000000
11
218.034742
21
228.031631
31
0.000000
0
LINE
8
OUTLINE
10
218.034742
20
228.031631
30
0.000000
11
218.570153
21
228.471086
31
0.000000
0
LINE
8
OUTLINE
10
218.570153
20
228.471086
30
0.000000
11
219.181073
21
228.797663
31
0.000000
0
LINE
8
OUTLINE
10
219.181073
20
228.797663
30
0.000000
11
219.843945
21
228.998759
31
0.000000
0
LINE
8
OUTLINE
10
219.843945
20
228.998759
30
0.000000
11
220.533333
21
229.066667
31
0.000000
0
LINE
8
OUTLINE
10
323.000000
20
225.533333
30
0.000000
11
322.932118
21
226.222601
31
0.000000
0
LINE
8
OUTLINE
10
322.932118
20
226.222601
30
0.000000
11
322.731081
21
226.885385
31
0.000000
0
LINE
8
OUTLINE
10
322.731081
20
226.885385
30
0.000000
11
322.404612
21
227.496219
31
0.000000
0
LINE
8
OUTLINE
10
322.404612
20
227.496219
30
0.000000
11
321.965258
21
228.031631
31
0.000000
0
LINE
8
OUTLINE
10
321.965258
20
228.031631
30
0.000000
11
321.429847
21
228.471086
31
0.000000
0
LINE
8
OUTLINE
10
321.429847
20
228.471086
30
0.000000
11
320.818927
21
228.797663
31
0.000000
0
LINE
8
OUTLINE
10
320.818927
20
228.797663
30
0.000000
11
320.156055
21
228.998759
31
0.000000
0
LINE
8
OUTLINE
10
320.156055
20
228.998759
30
0.000000
11
319.466667
21
229.066667
31
0.000000
0
LINE
8
OUTLINE
10
217.000000
20
225.533333
30
0.000000
11
218.328821
21
225.533333
31
0.000000
0
LINE
8
OUTLINE
10
218.328821
20
225.533333
30
0.000000
11
222.248650
21
225.533333
31
0.000000
0
LINE
8
OUTLINE
10
222.248650
20
225.533333
30
0.000000
11
228.562931
21
225.533333
31
0.000000
0
LINE
8
OUTLINE
10
228.562931
20
225.533333
30
0.000000
11
236.955041
21
225.533333
31
0.000000
0
LINE
8
OUTLINE
10
236.955041
20
225.533333
30
0.000000
11
247.004162
21
225.533333
31
0.000000
0
LINE
8
OUTLINE
10
247.004162
20
225.533333
30
0.000000
11
258.206391
21
225.533333
31
0.000000
0
LINE
8
OUTLINE
10
258.206391
20
225.533333
30
0.000000
11
270.000000
21
225.533333
31
0.000000
0
LINE
8
OUTLINE
10
270.000000
20
225.533333
30
0.000000
11
281.793609
21
225.533333
31
0.000000
0
LINE
8
OUTLINE
10
281.793609
20
225.533333
30
0.000000
11
292.995838
21
225.533333
31
0.000000
0
LINE
8
OUTLINE
10
292.995838
20
225.533333
30
0.000000
11
303.044959
21
225.533333
31
0.000000
0
LINE
8
OUTLINE
10
303.044959
20
225.533333
30
0.000000
11
311.437069
21
225.533333
31
0.000000
0
LINE
8
OUTLINE
10
311.437069
20
225.533333
30
0.000000
11
317.751350
21
225.533333
31
0.000000
0
LINE
8
OUTLINE
10
317.751350
20
225.533333
30
0.000000
11
321.671179
21
225.533333
31
0.000000
0
LINE
8
OUTLINE
10
321.671179
20
225.533333
30
0.000000
11
323.000000
21
225.533333
31
0.000000
0
LINE
8
HIDDEN
10
270.000000
20
214.933333
30
0.000000
11
264.065883
21
214.933333
31
0.000000
0
LINE
8
HIDDEN
10
264.065883
20
214.933333
30
0.000000
11
258.206391
21
214.933333
31
0.000000
0
LINE
8
HIDDEN
10
258.206391
20
214.933333
30
0.000000
11
252.495210
21
214.933333
31
0.000000
0
LINE
8
HIDDEN
10
252.495210
20
214.933333
30
0.000000
11
247.004162
21
214.933333
31
0.000000
0
LINE
8
HIDDEN
10
247.004162
20
214.933333
30
0.000000
11
241.802300
21
214.933333
31
0.000000
0
LINE
8
HIDDEN
10
241.802300
20
214.933333
30
0.000000
11
236.955041
21
214.933333
31
0.000000
0
LINE
8
HIDDEN
10
236.955041
20
214.933333
30
0.000000
11
232.523341
21
214.933333
31
0.000000
0
LINE
8
HIDDEN
10
232.523341
20
214.933333
30
0.000000
11
228.562931
21
214.933333
31
0.000000
0
LINE
8
HIDDEN
10
228.562931
20
214.933333
30
0.000000
11
225.123617
21
214.933333
31
0.000000
0
LINE
8
HIDDEN
10
225.123617
20
214.933333
30
0.000000
11
222.248650
21
214.933333
31
0.000000
0
LINE
8
HIDDEN
10
222.248650
20
214.933333
30
0.000000
11
219.974183
21
214.933333
31
0.000000
0
LINE
8
HIDDEN
10
219.974183
20
214.933333
30
0.000000
11
218.328821
21
214.933333
31
0.000000
0
LINE
8
HIDDEN
10
218.328821
20
214.933333
30
0.000000
11
217.333253
21
214.933333
31
0.000000
0
LINE
8
HIDDEN
10
217.333253
20
214.933333
30
0.000000
11
217.000000
21
214.933333
31
0.000000
0
LINE
8
HIDDEN
10
323.000000
20
214.933333
30
0.000000
11
322.666747
21
214.933333
31
0.000000
0
LINE
8
HIDDEN
10
322.666747
20
214.933333
30
0.000000
11
321.671179
21
214.933333
31
0.000000
0
LINE
8
HIDDEN
10
321.671179
20
214.933333
30
0.000000
11
320.025817
21
214.933333
31
0.000000
0
LINE
8
HIDDEN
10
320.025817
20
214.933333
30
0.000000
11
317.751350
21
214.933333
31
0.000000
0
LINE
8
HIDDEN
10
317.751350
20
214.933333
30
0.000000
11
314.876383
21
214.933333
31
0.000000
0
LINE
8
HIDDEN
10
314.876383
20
214.933333
30
0.000000
11
311.437069
21
214.933333
31
0.000000
0
LINE
8
HIDDEN
10
311.437069
20
214.933333
30
0.000000
11
307.476659
21
214.933333
31
0.000000
0
LINE
8
HIDDEN
10
307.476659
20
214.933333
30
0.000000
11
303.044959
21
214.933333
31
0.000000
0
LINE
8
HIDDEN
10
303.044959
20
214.933333
30
0.000000
11
298.197700
21
214.933333
31
0.000000
0
LINE
8
HIDDEN
10
298.197700
20
214.933333
30
0.000000
11
292.995838
21
214.933333
31
0.000000
0
LINE
8
HIDDEN
10
292.995838
20
214.933333
30
0.000000
11
287.504790
21
214.933333
31
0.000000
0
LINE
8
HIDDEN
10
287.504790
20
214.933333
30
0.000000
11
281.793609
21
214.933333
31
0.000000
0
LINE
8
HIDDEN
10
281.793609
20
214.933333
30
0.000000
11
275.934117
21
214.933333
31
0.000000
0
LINE
8
HIDDEN
10
275.934117
20
214.933333
30
0.000000
11
270.000000
21
214.933333
31
0.000000
0
LINE
8
HIDDEN
10
270.000000
20
229.066667
30
0.000000
11
264.461491
21
229.066667
31
0.000000
0
LINE
8
HIDDEN
10
264.461491
20
229.066667
30
0.000000
11
258.992631
21
229.066667
31
0.000000
0
LINE
8
HIDDEN
10
258.992631
20
229.066667
30
0.000000
11
253.662196
21
229.066667
31
0.000000
0
LINE
8
HIDDEN
10
253.662196
20
229.066667
30
0.000000
11
248.537218
21
229.066667
31
0.000000
0
LINE
8
HIDDEN
10
248.537218
20
229.066667
30
0.000000
11
243.682147
21
229.066667
31
0.000000
0
LINE
8
HIDDEN
10
243.682147
20
229.066667
30
0.000000
11
239.158038
21
229.066667
31
0.000000
0
LINE
8
HIDDEN
10
239.158038
20
229.066667
30
0.000000
11
235.021785
21
229.066667
31
0.000000
0
LINE
8
HIDDEN
10
235.021785
20
229.066667
30
0.000000
11
231.325403
21
229.066667
31
0.000000
0
LINE
8
HIDDEN
10
231.325403
20
229.066667
30
0.000000
11
228.115376
21
229.066667
31
0.000000
0
LINE
8
HIDDEN
10
228.115376
20
229.066667
30
0.000000
11
225.432073
21
229.066667
31
0.000000
0
LINE
8
HIDDEN
10
225.432073
20
229.066667
30
0.000000
11
223.309238
21
229.066667
31
0.000000
0
LINE
8
HIDDEN
10
223.309238
20
229.066667
30
0.000000
11
221.773566
21
229.066667
31
0.000000
0
LINE
8
HIDDEN
10
221.773566
20
229.066667
30
0.000000
11
220.844369
21
229.066667
31
0.000000
0
LINE
8
HIDDEN
10
220.844369
20
229.066667
30
0.000000
11
220.533333
21
229.066667
31
0.000000
0
LINE
8
HIDDEN
10
319.466667
20
229.066667
30
0.000000
11
319.155631
21
229.066667
31
0.000000
0
LINE
8
HIDDEN
10
319.155631
20
229.066667
30
0.000000
11
318.226434
21
229.066667
31
0.000000
0
LINE
8
HIDDEN
10
318.226434
20
229.066667
30
0.000000
11
316.690762
21
229.066667
31
0.000000
0
LINE
8
HIDDEN
10
316.690762
20
229.066667
30
0.000000
11
314.567927
21
229.066667
31
0.000000
0
LINE
8
HIDDEN
10
314.567927
20
229.066667
30
0.000000
11
311.884624
21
229.066667
31
0.000000
0
LINE
8
HIDDEN
10
311.884624
20
229.066667
30
0.000000
11
308.674597
21
229.066667
31
0.000000
0
LINE
8
HIDDEN
10
308.674597
20
229.066667
30
0.000000
11
304.978215
21
229.066667
31
0.000000
0
LINE
8
HIDDEN
10
304.978215
20
229.066667
30
0.000000
11
300.841962
21
229.066667
31
0.000000
0
LINE
8
HIDDEN
10
300.841962
20
229.066667
30
0.000000
11
296.317853
21
229.066667
31
0.000000
0
LINE
8
HIDDEN
10
296.317853
20
229.066667
30
0.000000
11
291.462782
21
229.066667
31
0.000000
0
LINE
8
HIDDEN
10
291.462782
20
229.066667
30
0.000000
11
286.337804
21
229.066667
31
0.000000
0
LINE
8
HIDDEN
10
286.337804
20
229.066667
30
0.000000
11
281.007369
21
229.066667
31
0.000000
0
LINE
8
HIDDEN
10
281.007369
20
229.066667
30
0.000000
11
275.538509
21
229.066667
31
0.000000
0
LINE
8
HIDDEN
10
275.538509
20
229.066667
30
0.000000
11
270.000000
21
229.066667
31
0.000000
0
LINE
8
HIDDEN
10
297.482884
20
214.933333
30
0.000000
11
296.790570
21
214.933333
31
0.000000
0
LINE
8
HIDDEN
10
296.790570
20
214.933333
30
0.000000
11
296.106962
21
214.933333
31
0.000000
0
LINE
8
HIDDEN
10
296.106962
20
214.933333
30
0.000000
11
295.440658
21
214.933333
31
0.000000
0
LINE
8
HIDDEN
10
295.440658
20
214.933333
30
0.000000
11
294.800036
21
214.933333
31
0.000000
0
LINE
8
HIDDEN
10
294.800036
20
214.933333
30
0.000000
11
294.193152
21
214.933333
31
0.000000
0
LINE
8
HIDDEN
10
294.193152
20
214.933333
30
0.000000
11
293.627638
21
214.933333
31
0.000000
0
LINE
8
HIDDEN
10
293.627638
20
214.933333
30
0.000000
11
293.110607
21
214.933333
31
0.000000
0
LINE
8
HIDDEN
10
293.110607
20
214.933333
30
0.000000
11
292.648559
21
214.933333
31
0.000000
0
LINE
8
HIDDEN
10
292.648559
20
214.933333
30
0.000000
11
292.247306
21
214.933333
31
0.000000
0
LINE
8
HIDDEN
10
292.247306
20
214.933333
30
0.000000
11
291.911893
21
214.933333
31
0.000000
0
LINE
8
HIDDEN
10
291.911893
20
214.933333
30
0.000000
11
291.646538
21
214.933333
31
0.000000
0
LINE
8
HIDDEN
10
291.646538
20
214.933333
30
0.000000
11
291.454579
21
214.933333
31
0.000000
0
LINE
8
HIDDEN
10
291.454579
20
214.933333
30
0.000000
11
291.338430
21
214.933333
31
0.000000
0
LINE
8
HIDDEN
10
291.338430
20
214.933333
30
0.000000
11
291.299550
21
214.933333
31
0.000000
0
LINE
8
HIDDEN
10
291.299550
20
214.933333
30
0.000000
11
291.454579
21
214.933333
31
0.000000
0
LINE
8
HIDDEN
10
291.454579
20
214.933333
30
0.000000
11
291.911893
21
214.933333
31
0.000000
0
LINE
8
HIDDEN
10
291.911893
20
214.933333
30
0.000000
11
292.648559
21
214.933333
31
0.000000
0
LINE
8
HIDDEN
10
292.648559
20
214.933333
30
0.000000
11
293.627638
21
214.933333
31
0.000000
0
LINE
8
HIDDEN
10
293.627638
20
214.933333
30
0.000000
11
294.800036
21
214.933333
31
0.000000
0
LINE
8
HIDDEN
10
294.800036
20
214.933333
30
0.000000
11
296.106962
21
214.933333
31
0.000000
0
LINE
8
HIDDEN
10
296.106962
20
214.933333
30
0.000000
11
297.482884
21
214.933333
31
0.000000
0
LINE
8
HIDDEN
10
297.482884
20
214.933333
30
0.000000
11
298.858805
21
214.933333
31
0.000000
0
LINE
8
HIDDEN
10
298.858805
20
214.933333
30
0.000000
11
300.165731
21
214.933333
31
0.000000
0
LINE
8
HIDDEN
10
300.165731
20
214.933333
30
0.000000
11
301.338129
21
214.933333
31
0.000000
0
LINE
8
HIDDEN
10
301.338129
20
214.933333
30
0.000000
11
302.317208
21
214.933333
31
0.000000
0
LINE
8
HIDDEN
10
302.317208
20
214.933333
30
0.000000
11
303.053874
21
214.933333
31
0.000000
0
LINE
8
HIDDEN
10
303.053874
20
214.933333
30
0.000000
11
303.511188
21
214.933333
31
0.000000
0
LINE
8
HIDDEN
10
303.511188
20
214.933333
30
0.000000
11
303.666217
21
214.933333
31
0.000000
0
LINE
8
HIDDEN
10
303.666217
20
214.933333
30
0.000000
11
303.627337
21
214.933333
31
0.000000
0
LINE
8
HIDDEN
10
303.627337
20
214.933333
30
0.000000
11
303.511188
21
214.933333
31
0.000000
0
LINE
8
HIDDEN
10
303.511188
20
214.933333
30
0.000000
11
303.319229
21
214.933333
31
0.000000
0
LINE
8
HIDDEN
10
303.319229
20
214.933333
30
0.000000
11
303.053874
21
214.933333
31
0.000000
0
LINE
8
HIDDEN
10
303.053874
20
214.933333
30
0.000000
11
302.718462
21
214.933333
31
0.000000
0
LINE
8
HIDDEN
10
302.718462
20
214.933333
30
0.000000
11
302.317208
21
214.933333
31
0.000000
0
LINE
8
HIDDEN
10
302.317208
20
214.933333
30
0.000000
11
301.855160
21
214.933333
31
0.000000
0
LINE
8
HIDDEN
10
301.855160
20
214.933333
30
0.000000
11
301.338129
21
214.933333
31
0.000000
0
LINE
8
HIDDEN
10
301.338129
20
214.933333
30
0.000000
11
300.772615
21
214.933333
31
0.000000
0
LINE
8
HIDDEN
10
300.772615
20
214.933333
30
0.000000
11
300.165731
21
214.933333
31
0.000000
0
LINE
8
HIDDEN
10
300.165731
20
214.933333
30
0.000000
11
299.525109
21
214.933333
31
0.000000
0
LINE
8
HIDDEN
10
299.525109
20
214.933333
30
0.000000
11
298.858805
21
214.933333
31
0.000000
0
LINE
8
HIDDEN
10
298.858805
20
214.933333
30
0.000000
11
298.175197
21
214.933333
31
0.000000
0
LINE
8
HIDDEN
10
298.175197
20
214.933333
30
0.000000
11
297.482884
21
214.933333
31
0.000000
0
LINE
8
HIDDEN
10
297.482884
20
214.933333
30
0.000000
11
296.790570
21
214.933333
31
0.000000
0
LINE
8
HIDDEN
10
296.790570
20
214.933333
30
0.000000
11
296.106962
21
214.933333
31
0.000000
0
LINE
8
HIDDEN
10
296.106962
20
214.933333
30
0.000000
11
295.440658
21
214.933333
31
0.000000
0
LINE
8
HIDDEN
10
295.440658
20
214.933333
30
0.000000
11
294.800036
21
214.933333
31
0.000000
0
LINE
8
HIDDEN
10
294.800036
20
214.933333
30
0.000000
11
294.193152
21
214.933333
31
0.000000
0
LINE
8
HIDDEN
10
294.193152
20
214.933333
30
0.000000
11
293.627638
21
214.933333
31
0.000000
0
LINE
8
HIDDEN
10
293.627638
20
214.933333
30
0.000000
11
293.110607
21
214.933333
31
0.000000
0
LINE
8
HIDDEN
10
293.110607
20
214.933333
30
0.000000
11
292.648559
21
214.933333
31
0.000000
0
LINE
8
HIDDEN
10
292.648559
20
214.933333
30
0.000000
11
292.247306
21
214.933333
31
0.000000
0
LINE
8
HIDDEN
10
292.247306
20
214.933333
30
0.000000
11
291.911893
21
214.933333
31
0.000000
0
LINE
8
HIDDEN
10
291.911893
20
214.933333
30
0.000000
11
291.646538
21
214.933333
31
0.000000
0
LINE
8
HIDDEN
10
291.646538
20
214.933333
30
0.000000
11
291.454579
21
214.933333
31
0.000000
0
LINE
8
HIDDEN
10
291.454579
20
214.933333
30
0.000000
11
291.338430
21
214.933333
31
0.000000
0
LINE
8
HIDDEN
10
291.338430
20
214.933333
30
0.000000
11
291.299550
21
214.933333
31
0.000000
0
LINE
8
HIDDEN
10
291.299550
20
214.933333
30
0.000000
11
291.454579
21
214.933333
31
0.000000
0
LINE
8
HIDDEN
10
291.454579
20
214.933333
30
0.000000
11
291.911893
21
214.933333
31
0.000000
0
LINE
8
HIDDEN
10
291.911893
20
214.933333
30
0.000000
11
292.648559
21
214.933333
31
0.000000
0
LINE
8
HIDDEN
10
292.648559
20
214.933333
30
0.000000
11
293.627638
21
214.933333
31
0.000000
0
LINE
8
HIDDEN
10
293.627638
20
214.933333
30
0.000000
11
294.800036
21
214.933333
31
0.000000
0
LINE
8
HIDDEN
10
294.800036
20
214.933333
30
0.000000
11
296.106962
21
214.933333
31
0.000000
0
LINE
8
HIDDEN
10
296.106962
20
214.933333
30
0.000000
11
297.482884
21
214.933333
31
0.000000
0
LINE
8
HIDDEN
10
297.482884
20
214.933333
30
0.000000
11
298.858805
21
214.933333
31
0.000000
0
LINE
8
HIDDEN
10
298.858805
20
214.933333
30
0.000000
11
300.165731
21
214.933333
31
0.000000
0
LINE
8
HIDDEN
10
300.165731
20
214.933333
30
0.000000
11
301.338129
21
214.933333
31
0.000000
0
LINE
8
HIDDEN
10
301.338129
20
214.933333
30
0.000000
11
302.317208
21
214.933333
31
0.000000
0
LINE
8
HIDDEN
10
302.317208
20
214.933333
30
0.000000
11
303.053874
21
214.933333
31
0.000000
0
LINE
8
HIDDEN
10
303.053874
20
214.933333
30
0.000000
11
303.511188
21
214.933333
31
0.000000
0
LINE
8
HIDDEN
10
303.511188
20
214.933333
30
0.000000
11
303.666217
21
214.933333
31
0.000000
0
LINE
8
HIDDEN
10
303.666217
20
214.933333
30
0.000000
11
303.627337
21
214.933333
31
0.000000
0
LINE
8
HIDDEN
10
303.627337
20
214.933333
30
0.000000
11
303.511188
21
214.933333
31
0.000000
0
LINE
8
HIDDEN
10
303.511188
20
214.933333
30
0.000000
11
303.319229
21
214.933333
31
0.000000
0
LINE
8
HIDDEN
10
303.319229
20
214.933333
30
0.000000
11
303.053874
21
214.933333
31
0.000000
0
LINE
8
HIDDEN
10
303.053874
20
214.933333
30
0.000000
11
302.718462
21
214.933333
31
0.000000
0
LINE
8
HIDDEN
10
302.718462
20
214.933333
30
0.000000
11
302.317208
21
214.933333
31
0.000000
0
LINE
8
HIDDEN
10
302.317208
20
214.933333
30
0.000000
11
301.855160
21
214.933333
31
0.000000
0
LINE
8
HIDDEN
10
301.855160
20
214.933333
30
0.000000
11
301.338129
21
214.933333
31
0.000000
0
LINE
8
HIDDEN
10
301.338129
20
214.933333
30
0.000000
11
300.772615
21
214.933333
31
0.000000
0
LINE
8
HIDDEN
10
300.772615
20
214.933333
30
0.000000
11
300.165731
21
214.933333
31
0.000000
0
LINE
8
HIDDEN
10
300.165731
20
214.933333
30
0.000000
11
299.525109
21
214.933333
31
0.000000
0
LINE
8
HIDDEN
10
299.525109
20
214.933333
30
0.000000
11
298.858805
21
214.933333
31
0.000000
0
LINE
8
HIDDEN
10
298.858805
20
214.933333
30
0.000000
11
298.175197
21
214.933333
31
0.000000
0
LINE
8
HIDDEN
10
298.175197
20
214.933333
30
0.000000
11
297.482884
21
214.933333
31
0.000000
0
LINE
8
HIDDEN
10
242.517116
20
214.933333
30
0.000000
11
241.824803
21
214.933333
31
0.000000
0
LINE
8
HIDDEN
10
241.824803
20
214.933333
30
0.000000
11
241.141195
21
214.933333
31
0.000000
0
LINE
8
HIDDEN
10
241.141195
20
214.933333
30
0.000000
11
240.474891
21
214.933333
31
0.000000
0
LINE
8
HIDDEN
10
240.474891
20
214.933333
30
0.000000
11
239.834269
21
214.933333
31
0.000000
0
LINE
8
HIDDEN
10
239.834269
20
214.933333
30
0.000000
11
239.227385
21
214.933333
31
0.000000
0
LINE
8
HIDDEN
10
239.227385
20
214.933333
30
0.000000
11
238.661871
21
214.933333
31
0.000000
0
LINE
8
HIDDEN
10
238.661871
20
214.933333
30
0.000000
11
238.144840
21
214.933333
31
0.000000
0
LINE
8
HIDDEN
10
238.144840
20
214.933333
30
0.000000
11
237.682792
21
214.933333
31
0.000000
0
LINE
8
HIDDEN
10
237.682792
20
214.933333
30
0.000000
11
237.281538
21
214.933333
31
0.000000
0
LINE
8
HIDDEN
10
237.281538
20
214.933333
30
0.000000
11
236.946126
21
214.933333
31
0.000000
0
LINE
8
HIDDEN
10
236.946126
20
214.933333
30
0.000000
11
236.680771
21
214.933333
31
0.000000
0
LINE
8
HIDDEN
10
236.680771
20
214.933333
30
0.000000
11
236.488812
21
214.933333
31
0.000000
0
LINE
8
HIDDEN
10
236.488812
20
214.933333
30
0.000000
11
236.372663
21
214.933333
31
0.000000
0
LINE
8
HIDDEN
10
236.372663
20
214.933333
30
0.000000
11
236.333783
21
214.933333
31
0.000000
0
LINE
8
HIDDEN
10
236.333783
20
214.933333
30
0.000000
11
236.488812
21
214.933333
31
0.000000
0
LINE
8
HIDDEN
10
236.488812
20
214.933333
30
0.000000
11
236.946126
21
214.933333
31
0.000000
0
LINE
8
HIDDEN
10
236.946126
20
214.933333
30
0.000000
11
237.682792
21
214.933333
31
0.000000
0
LINE
8
HIDDEN
10
237.682792
20
214.933333
30
0.000000
11
238.661871
21
214.933333
31
0.000000
0
LINE
8
HIDDEN
10
238.661871
20
214.933333
30
0.000000
11
239.834269
21
214.933333
31
0.000000
0
LINE
8
HIDDEN
10
239.834269
20
214.933333
30
0.000000
11
241.141195
21
214.933333
31
0.000000
0
LINE
8
HIDDEN
10
241.141195
20
214.933333
30
0.000000
11
242.517116
21
214.933333
31
0.000000
0
LINE
8
HIDDEN
10
242.517116
20
214.933333
30
0.000000
11
243.893038
21
214.933333
31
0.000000
0
LINE
8
HIDDEN
10
243.893038
20
214.933333
30
0.000000
11
245.199964
21
214.933333
31
0.000000
0
LINE
8
HIDDEN
10
245.199964
20
214.933333
30
0.000000
11
246.372362
21
214.933333
31
0.000000
0
LINE
8
HIDDEN
10
246.372362
20
214.933333
30
0.000000
11
247.351441
21
214.933333
31
0.000000
0
LINE
8
HIDDEN
10
247.351441
20
214.933333
30
0.000000
11
248.088107
21
214.933333
31
0.000000
0
LINE
8
HIDDEN
10
248.088107
20
214.933333
30
0.000000
11
248.545421
21
214.933333
31
0.000000
0
LINE
8
HIDDEN
10
248.545421
20
214.933333
30
0.000000
11
248.700450
21
214.933333
31
0.000000
0
LINE
8
HIDDEN
10
248.700450
20
214.933333
30
0.000000
11
248.661570
21
214.933333
31
0.000000
0
LINE
8
HIDDEN
10
248.661570
20
214.933333
30
0.000000
11
248.545421
21
214.933333
31
0.000000
0
LINE
8
HIDDEN
10
248.545421
20
214.933333
30
0.000000
11
248.353462
21
214.933333
31
0.000000
0
LINE
8
HIDDEN
10
248.353462
20
214.933333
30
0.000000
11
248.088107
21
214.933333
31
0.000000
0
LINE
8
HIDDEN
10
248.088107
20
214.933333
30
0.000000
11
247.752694
21
214.933333
31
0.000000
0
LINE
8
HIDDEN
10
247.752694
20
214.933333
30
0.000000
11
247.351441
21
214.933333
31
0.000000
0
LINE
8
HIDDEN
10
247.351441
20
214.933333
30
0.000000
11
246.889393
21
214.933333
31
0.000000
0
LINE
8
HIDDEN
10
246.889393
20
214.933333
30
0.000000
11
246.372362
21
214.933333
31
0.000000
0
LINE
8
HIDDEN
10
246.372362
20
214.933333
30
0.000000
11
245.806848
21
214.933333
31
0.000000
0
LINE
8
HIDDEN
10
245.806848
20
214.933333
30
0.000000
11
245.199964
21
214.933333
31
0.000000
0
LINE
8
HIDDEN
10
245.199964
20
214.933333
30
0.000000
11
244.559342
21
214.933333
31
0.000000
0
LINE
8
HIDDEN
10
244.559342
20
214.933333
30
0.000000
11
243.893038
21
214.933333
31
0.000000
0
LINE
8
HIDDEN
10
243.893038
20
214.933333
30
0.000000
11
243.209430
21
214.933333
31
0.000000
0
LINE
8
HIDDEN
10
243.209430
20
214.933333
30
0.000000
11
242.517116
21
214.933333
31
0.000000
0
LINE
8
HIDDEN
10
270.000000
20
214.933333
30
0.000000
11
268.021961
21
214.933333
31
0.000000
0
LINE
8
HIDDEN
10
268.021961
20
214.933333
30
0.000000
11
266.068797
21
214.933333
31
0.000000
0
LINE
8
HIDDEN
10
266.068797
20
214.933333
30
0.000000
11
264.165070
21
214.933333
31
0.000000
0
LINE
8
HIDDEN
10
264.165070
20
214.933333
30
0.000000
11
262.334721
21
214.933333
31
0.000000
0
LINE
8
HIDDEN
10
262.334721
20
214.933333
30
0.000000
11
260.600767
21
214.933333
31
0.000000
0
LINE
8
HIDDEN
10
260.600767
20
214.933333
30
0.000000
11
258.985014
21
214.933333
31
0.000000
0
LINE
8
HIDDEN
10
258.985014
20
214.933333
30
0.000000
11
257.507780
21
214.933333
31
0.000000
0
LINE
8
HIDDEN
10
257.507780
20
214.933333
30
0.000000
11
256.187644
21
214.933333
31
0.000000
0
LINE
8
HIDDEN
10
256.187644
20
214.933333
30
0.000000
11
255.041206
21
214.933333
31
0.000000
0
LINE
8
HIDDEN
10
255.041206
20
214.933333
30
0.000000
11
254.082883
21
214.933333
31
0.000000
0
LINE
8
HIDDEN
10
254.082883
20
214.933333
30
0.000000
11
253.324728
21
214.933333
31
0.000000
0
LINE
8
HIDDEN
10
253.324728
20
214.933333
30
0.000000
11
252.776274
21
214.933333
31
0.000000
0
LINE
8
HIDDEN
10
252.776274
20
214.933333
30
0.000000
11
252.444418
21
214.933333
31
0.000000
0
LINE
8
HIDDEN
10
252.444418
20
214.933333
30
0.000000
11
252.333333
21
214.933333
31
0.000000
0
LINE
8
HIDDEN
10
252.333333
20
214.933333
30
0.000000
11
252.776274
21
214.933333
31
0.000000
0
LINE
8
HIDDEN
10
252.776274
20
214.933333
30
0.000000
11
254.082883
21
214.933333
31
0.000000
0
LINE
8
HIDDEN
10
254.082883
20
214.933333
30
0.000000
11
256.187644
21
214.933333
31
0.000000
0
LINE
8
HIDDEN
10
256.187644
20
214.933333
30
0.000000
11
258.985014
21
214.933333
31
0.000000
0
LINE
8
HIDDEN
10
258.985014
20
214.933333
30
0.000000
11
262.334721
21
214.933333
31
0.000000
0
LINE
8
HIDDEN
10
262.334721
20
214.933333
30
0.000000
11
266.068797
21
214.933333
31
0.000000
0
LINE
8
HIDDEN
10
266.068797
20
214.933333
30
0.000000
11
270.000000
21
214.933333
31
0.000000
0
LINE
8
HIDDEN
10
270.000000
20
214.933333
30
0.000000
11
273.931203
21
214.933333
31
0.000000
0
LINE
8
HIDDEN
10
273.931203
20
214.933333
30
0.000000
11
277.665279
21
214.933333
31
0.000000
0
LINE
8
HIDDEN
10
277.665279
20
214.933333
30
0.000000
11
281.014986
21
214.933333
31
0.000000
0
LINE
8
HIDDEN
10
281.014986
20
214.933333
30
0.000000
11
283.812356
21
214.933333
31
0.000000
0
LINE
8
HIDDEN
10
283.812356
20
214.933333
30
0.000000
11
285.917117
21
214.933333
31
0.000000
0
LINE
8
HIDDEN
10
285.917117
20
214.933333
30
0.000000
11
287.223726
21
214.933333
31
0.000000
0
LINE
8
HIDDEN
10
287.223726
20
214.933333
30
0.000000
11
287.666667
21
214.933333
31
0.000000
0
LINE
8
HIDDEN
10
287.666667
20
214.933333
30
0.000000
11
287.555582
21
214.933333
31
0.000000
0
LINE
8
HIDDEN
10
287.555582
20
214.933333
30
0.000000
11
287.223726
21
214.933333
31
0.000000
0
LINE
8
HIDDEN
10
287.223726
20
214.933333
30
0.000000
11
286.675272
21
214.933333
31
0.000000
0
LINE
8
HIDDEN
10
286.675272
20
214.933333
30
0.000000
11
285.917117
21
214.933333
31
0.000000
0
LINE
8
HIDDEN
10
285.917117
20
214.933333
30
0.000000
11
284.958794
21
214.933333
31
0.000000
0
LINE
8
HIDDEN
10
284.958794
20
214.933333
30
0.000000
11
283.812356
21
214.933333
31
0.000000
0
LINE
8
HIDDEN
10
283.812356
20
214.933333
30
0.000000
11
282.492220
21
214.933333
31
0.000000
0
LINE
8
HIDDEN
10
282.492220
20
214.933333
30
0.000000
11
281.014986
21
214.933333
31
0.000000
0
LINE
8
HIDDEN
10
281.014986
20
214.933333
30
0.000000
11
279.399233
21
214.933333
31
0.000000
0
LINE
8
HIDDEN
10
279.399233
20
214.933333
30
0.000000
11
277.665279
21
214.933333
31
0.000000
0
LINE
8
HIDDEN
10
277.665279
20
214.933333
30
0.000000
11
275.834930
21
214.933333
31
0.000000
0
LINE
8
HIDDEN
10
275.834930
20
214.933333
30
0.000000
11
273.931203
21
214.933333
31
0.000000
0
LINE
8
HIDDEN
10
273.931203
20
214.933333
30
0.000000
11
271.978039
21
214.933333
31
0.000000
0
LINE
8
HIDDEN
10
271.978039
20
214.933333
30
0.000000
11
270.000000
21
214.933333
31
0.000000
0
LINE
8
HIDDEN
10
242.517116
20
214.933333
30
0.000000
11
241.824803
21
214.933333
31
0.000000
0
LINE
8
HIDDEN
10
241.824803
20
214.933333
30
0.000000
11
241.141195
21
214.933333
31
0.000000
0
LINE
8
HIDDEN
10
241.141195
20
214.933333
30
0.000000
11
240.474891
21
214.933333
31
0.000000
0
LINE
8
HIDDEN
10
240.474891
20
214.933333
30
0.000000
11
239.834269
21
214.933333
31
0.000000
0
LINE
8
HIDDEN
10
239.834269
20
214.933333
30
0.000000
11
239.227385
21
214.933333
31
0.000000
0
LINE
8
HIDDEN
10
239.227385
20
214.933333
30
0.000000
11
238.661871
21
214.933333
31
0.000000
0
LINE
8
HIDDEN
10
238.661871
20
214.933333
30
0.000000
11
238.144840
21
214.933333
31
0.000000
0
LINE
8
HIDDEN
10
238.144840
20
214.933333
30
0.000000
11
237.682792
21
214.933333
31
0.000000
0
LINE
8
HIDDEN
10
237.682792
20
214.933333
30
0.000000
11
237.281538
21
214.933333
31
0.000000
0
LINE
8
HIDDEN
10
237.281538
20
214.933333
30
0.000000
11
236.946126
21
214.933333
31
0.000000
0
LINE
8
HIDDEN
10
236.946126
20
214.933333
30
0.000000
11
236.680771
21
214.933333
31
0.000000
0
LINE
8
HIDDEN
10
236.680771
20
214.933333
30
0.000000
11
236.488812
21
214.933333
31
0.000000
0
LINE
8
HIDDEN
10
236.488812
20
214.933333
30
0.000000
11
236.372663
21
214.933333
31
0.000000
0
LINE
8
HIDDEN
10
236.372663
20
214.933333
30
0.000000
11
236.333783
21
214.933333
31
0.000000
0
LINE
8
HIDDEN
10
236.333783
20
214.933333
30
0.000000
11
236.488812
21
214.933333
31
0.000000
0
LINE
8
HIDDEN
10
236.488812
20
214.933333
30
0.000000
11
236.946126
21
214.933333
31
0.000000
0
LINE
8
HIDDEN
10
236.946126
20
214.933333
30
0.000000
11
237.682792
21
214.933333
31
0.000000
0
LINE
8
HIDDEN
10
237.682792
20
214.933333
30
0.000000
11
238.661871
21
214.933333
31
0.000000
0
LINE
8
HIDDEN
10
238.661871
20
214.933333
30
0.000000
11
239.834269
21
214.933333
31
0.000000
0
LINE
8
HIDDEN
10
239.834269
20
214.933333
30
0.000000
11
241.141195
21
214.933333
31
0.000000
0
LINE
8
HIDDEN
10
241.141195
20
214.933333
30
0.000000
11
242.517116
21
214.933333
31
0.000000
0
LINE
8
HIDDEN
10
242.517116
20
214.933333
30
0.000000
11
243.893038
21
214.933333
31
0.000000
0
LINE
8
HIDDEN
10
243.893038
20
214.933333
30
0.000000
11
245.199964
21
214.933333
31
0.000000
0
LINE
8
HIDDEN
10
245.199964
20
214.933333
30
0.000000
11
246.372362
21
214.933333
31
0.000000
0
LINE
8
HIDDEN
10
246.372362
20
214.933333
30
0.000000
11
247.351441
21
214.933333
31
0.000000
0
LINE
8
HIDDEN
10
247.351441
20
214.933333
30
0.000000
11
248.088107
21
214.933333
31
0.000000
0
LINE
8
HIDDEN
10
248.088107
20
214.933333
30
0.000000
11
248.545421
21
214.933333
31
0.000000
0
LINE
8
HIDDEN
10
248.545421
20
214.933333
30
0.000000
11
248.700450
21
214.933333
31
0.000000
0
LINE
8
HIDDEN
10
248.700450
20
214.933333
30
0.000000
11
248.661570
21
214.933333
31
0.000000
0
LINE
8
HIDDEN
10
248.661570
20
214.933333
30
0.000000
11
248.545421
21
214.933333
31
0.000000
0
LINE
8
HIDDEN
10
248.545421
20
214.933333
30
0.000000
11
248.353462
21
214.933333
31
0.000000
0
LINE
8
HIDDEN
10
248.353462
20
214.933333
30
0.000000
11
248.088107
21
214.933333
31
0.000000
0
LINE
8
HIDDEN
10
248.088107
20
214.933333
30
0.000000
11
247.752694
21
214.933333
31
0.000000
0
LINE
8
HIDDEN
10
247.752694
20
214.933333
30
0.000000
11
247.351441
21
214.933333
31
0.000000
0
LINE
8
HIDDEN
10
247.351441
20
214.933333
30
0.000000
11
246.889393
21
214.933333
31
0.000000
0
LINE
8
HIDDEN
10
246.889393
20
214.933333
30
0.000000
11
246.372362
21
214.933333
31
0.000000
0
LINE
8
HIDDEN
10
246.372362
20
214.933333
30
0.000000
11
245.806848
21
214.933333
31
0.000000
0
LINE
8
HIDDEN
10
245.806848
20
214.933333
30
0.000000
11
245.199964
21
214.933333
31
0.000000
0
LINE
8
HIDDEN
10
245.199964
20
214.933333
30
0.000000
11
244.559342
21
214.933333
31
0.000000
0
LINE
8
HIDDEN
10
244.559342
20
214.933333
30
0.000000
11
243.893038
21
214.933333
31
0.000000
0
LINE
8
HIDDEN
10
243.893038
20
214.933333
30
0.000000
11
243.209430
21
214.933333
31
0.000000
0
LINE
8
HIDDEN
10
243.209430
20
214.933333
30
0.000000
11
242.517116
21
214.933333
31
0.000000
0
LINE
8
HIDDEN
10
297.482884
20
229.066667
30
0.000000
11
296.790570
21
229.066667
31
0.000000
0
LINE
8
HIDDEN
10
296.790570
20
229.066667
30
0.000000
11
296.106962
21
229.066667
31
0.000000
0
LINE
8
HIDDEN
10
296.106962
20
229.066667
30
0.000000
11
295.440658
21
229.066667
31
0.000000
0
LINE
8
HIDDEN
10
295.440658
20
229.066667
30
0.000000
11
294.800036
21
229.066667
31
0.000000
0
LINE
8
HIDDEN
10
294.800036
20
229.066667
30
0.000000
11
294.193152
21
229.066667
31
0.000000
0
LINE
8
HIDDEN
10
294.193152
20
229.066667
30
0.000000
11
293.627638
21
229.066667
31
0.000000
0
LINE
8
HIDDEN
10
293.627638
20
229.066667
30
0.000000
11
293.110607
21
229.066667
31
0.000000
0
LINE
8
HIDDEN
10
293.110607
20
229.066667
30
0.000000
11
292.648559
21
229.066667
31
0.000000
0
LINE
8
HIDDEN
10
292.648559
20
229.066667
30
0.000000
11
292.247306
21
229.066667
31
0.000000
0
LINE
8
HIDDEN
10
292.247306
20
229.066667
30
0.000000
11
291.911893
21
229.066667
31
0.000000
0
LINE
8
HIDDEN
10
291.911893
20
229.066667
30
0.000000
11
291.646538
21
229.066667
31
0.000000
0
LINE
8
HIDDEN
10
291.646538
20
229.066667
30
0.000000
11
291.454579
21
229.066667
31
0.000000
0
LINE
8
HIDDEN
10
291.454579
20
229.066667
30
0.000000
11
291.338430
21
229.066667
31
0.000000
0
LINE
8
HIDDEN
10
291.338430
20
229.066667
30
0.000000
11
291.299550
21
229.066667
31
0.000000
0
LINE
8
HIDDEN
10
291.299550
20
229.066667
30
0.000000
11
291.454579
21
229.066667
31
0.000000
0
LINE
8
HIDDEN
10
291.454579
20
229.066667
30
0.000000
11
291.911893
21
229.066667
31
0.000000
0
LINE
8
HIDDEN
10
291.911893
20
229.066667
30
0.000000
11
292.648559
21
229.066667
31
0.000000
0
LINE
8
HIDDEN
10
292.648559
20
229.066667
30
0.000000
11
293.627638
21
229.066667
31
0.000000
0
LINE
8
HIDDEN
10
293.627638
20
229.066667
30
0.000000
11
294.800036
21
229.066667
31
0.000000
0
LINE
8
HIDDEN
10
294.800036
20
229.066667
30
0.000000
11
296.106962
21
229.066667
31
0.000000
0
LINE
8
HIDDEN
10
296.106962
20
229.066667
30
0.000000
11
297.482884
21
229.066667
31
0.000000
0
LINE
8
HIDDEN
10
297.482884
20
229.066667
30
0.000000
11
298.858805
21
229.066667
31
0.000000
0
LINE
8
HIDDEN
10
298.858805
20
229.066667
30
0.000000
11
300.165731
21
229.066667
31
0.000000
0
LINE
8
HIDDEN
10
300.165731
20
229.066667
30
0.000000
11
301.338129
21
229.066667
31
0.000000
0
LINE
8
HIDDEN
10
301.338129
20
229.066667
30
0.000000
11
302.317208
21
229.066667
31
0.000000
0
LINE
8
HIDDEN
10
302.317208
20
229.066667
30
0.000000
11
303.053874
21
229.066667
31
0.000000
0
LINE
8
HIDDEN
10
303.053874
20
229.066667
30
0.000000
11
303.511188
21
229.066667
31
0.000000
0
LINE
8
HIDDEN
10
303.511188
20
229.066667
30
0.000000
11
303.666217
21
229.066667
31
0.000000
0
LINE
8
HIDDEN
10
303.666217
20
229.066667
30
0.000000
11
303.627337
21
229.066667
31
0.000000
0
LINE
8
HIDDEN
10
303.627337
20
229.066667
30
0.000000
11
303.511188
21
229.066667
31
0.000000
0
LINE
8
HIDDEN
10
303.511188
20
229.066667
30
0.000000
11
303.319229
21
229.066667
31
0.000000
0
LINE
8
HIDDEN
10
303.319229
20
229.066667
30
0.000000
11
303.053874
21
229.066667
31
0.000000
0
LINE
8
HIDDEN
10
303.053874
20
229.066667
30
0.000000
11
302.718462
21
229.066667
31
0.000000
0
LINE
8
HIDDEN
10
302.718462
20
229.066667
30
0.000000
11
302.317208
21
229.066667
31
0.000000
0
LINE
8
HIDDEN
10
302.317208
20
229.066667
30
0.000000
11
301.855160
21
229.066667
31
0.000000
0
LINE
8
HIDDEN
10
301.855160
20
229.066667
30
0.000000
11
301.338129
21
229.066667
31
0.000000
0
LINE
8
HIDDEN
10
301.338129
20
229.066667
30
0.000000
11
300.772615
21
229.066667
31
0.000000
0
LINE
8
HIDDEN
10
300.772615
20
229.066667
30
0.000000
11
300.165731
21
229.066667
31
0.000000
0
LINE
8
HIDDEN
10
300.165731
20
229.066667
30
0.000000
11
299.525109
21
229.066667
31
0.000000
0
LINE
8
HIDDEN
10
299.525109
20
229.066667
30
0.000000
11
298.858805
21
229.066667
31
0.000000
0
LINE
8
HIDDEN
10
298.858805
20
229.066667
30
0.000000
11
298.175197
21
229.066667
31
0.000000
0
LINE
8
HIDDEN
10
298.175197
20
229.066667
30
0.000000
11
297.482884
21
229.066667
31
0.000000
0
LINE
8
HIDDEN
10
297.482884
20
229.066667
30
0.000000
11
296.790570
21
229.066667
31
0.000000
0
LINE
8
HIDDEN
10
296.790570
20
229.066667
30
0.000000
11
296.106962
21
229.066667
31
0.000000
0
LINE
8
HIDDEN
10
296.106962
20
229.066667
30
0.000000
11
295.440658
21
229.066667
31
0.000000
0
LINE
8
HIDDEN
10
295.440658
20
229.066667
30
0.000000
11
294.800036
21
229.066667
31
0.000000
0
LINE
8
HIDDEN
10
294.800036
20
229.066667
30
0.000000
11
294.193152
21
229.066667
31
0.000000
0
LINE
8
HIDDEN
10
294.193152
20
229.066667
30
0.000000
11
293.627638
21
229.066667
31
0.000000
0
LINE
8
HIDDEN
10
293.627638
20
229.066667
30
0.000000
11
293.110607
21
229.066667
31
0.000000
0
LINE
8
HIDDEN
10
293.110607
20
229.066667
30
0.000000
11
292.648559
21
229.066667
31
0.000000
0
LINE
8
HIDDEN
10
292.648559
20
229.066667
30
0.000000
11
292.247306
21
229.066667
31
0.000000
0
LINE
8
HIDDEN
10
292.247306
20
229.066667
30
0.000000
11
291.911893
21
229.066667
31
0.000000
0
LINE
8
HIDDEN
10
291.911893
20
229.066667
30
0.000000
11
291.646538
21
229.066667
31
0.000000
0
LINE
8
HIDDEN
10
291.646538
20
229.066667
30
0.000000
11
291.454579
21
229.066667
31
0.000000
0
LINE
8
HIDDEN
10
291.454579
20
229.066667
30
0.000000
11
291.338430
21
229.066667
31
0.000000
0
LINE
8
HIDDEN
10
291.338430
20
229.066667
30
0.000000
11
291.299550
21
229.066667
31
0.000000
0
LINE
8
HIDDEN
10
291.299550
20
229.066667
30
0.000000
11
291.454579
21
229.066667
31
0.000000
0
LINE
8
HIDDEN
10
291.454579
20
229.066667
30
0.000000
11
291.911893
21
229.066667
31
0.000000
0
LINE
8
HIDDEN
10
291.911893
20
229.066667
30
0.000000
11
292.648559
21
229.066667
31
0.000000
0
LINE
8
HIDDEN
10
292.648559
20
229.066667
30
0.000000
11
293.627638
21
229.066667
31
0.000000
0
LINE
8
HIDDEN
10
293.627638
20
229.066667
30
0.000000
11
294.800036
21
229.066667
31
0.000000
0
LINE
8
HIDDEN
10
294.800036
20
229.066667
30
0.000000
11
296.106962
21
229.066667
31
0.000000
0
LINE
8
HIDDEN
10
296.106962
20
229.066667
30
0.000000
11
297.482884
21
229.066667
31
0.000000
0
LINE
8
HIDDEN
10
297.482884
20
229.066667
30
0.000000
11
298.858805
21
229.066667
31
0.000000
0
LINE
8
HIDDEN
10
298.858805
20
229.066667
30
0.000000
11
300.165731
21
229.066667
31
0.000000
0
LINE
8
HIDDEN
10
300.165731
20
229.066667
30
0.000000
11
301.338129
21
229.066667
31
0.000000
0
LINE
8
HIDDEN
10
301.338129
20
229.066667
30
0.000000
11
302.317208
21
229.066667
31
0.000000
0
LINE
8
HIDDEN
10
302.317208
20
229.066667
30
0.000000
11
303.053874
21
229.066667
31
0.000000
0
LINE
8
HIDDEN
10
303.053874
20
229.066667
30
0.000000
11
303.511188
21
229.066667
31
0.000000
0
LINE
8
HIDDEN
10
303.511188
20
229.066667
30
0.000000
11
303.666217
21
229.066667
31
0.000000
0
LINE
8
HIDDEN
10
303.666217
20
229.066667
30
0.000000
11
303.627337
21
229.066667
31
0.000000
0
LINE
8
HIDDEN
10
303.627337
20
229.066667
30
0.000000
11
303.511188
21
229.066667
31
0.000000
0
LINE
8
HIDDEN
10
303.511188
20
229.066667
30
0.000000
11
303.319229
21
229.066667
31
0.000000
0
LINE
8
HIDDEN
10
303.319229
20
229.066667
30
0.000000
11
303.053874
21
229.066667
31
0.000000
0
LINE
8
HIDDEN
10
303.053874
20
229.066667
30
0.000000
11
302.718462
21
229.066667
31
0.000000
0
LINE
8
HIDDEN
10
302.718462
20
229.066667
30
0.000000
11
302.317208
21
229.066667
31
0.000000
0
LINE
8
HIDDEN
10
302.317208
20
229.066667
30
0.000000
11
301.855160
21
229.066667
31
0.000000
0
LINE
8
HIDDEN
10
301.855160
20
229.066667
30
0.000000
11
301.338129
21
229.066667
31
0.000000
0
LINE
8
HIDDEN
10
301.338129
20
229.066667
30
0.000000
11
300.772615
21
229.066667
31
0.000000
0
LINE
8
HIDDEN
10
300.772615
20
229.066667
30
0.000000
11
300.165731
21
229.066667
31
0.000000
0
LINE
8
HIDDEN
10
300.165731
20
229.066667
30
0.000000
11
299.525109
21
229.066667
31
0.000000
0
LINE
8
HIDDEN
10
299.525109
20
229.066667
30
0.000000
11
298.858805
21
229.066667
31
0.000000
0
LINE
8
HIDDEN
10
298.858805
20
229.066667
30
0.000000
11
298.175197
21
229.066667
31
0.000000
0
LINE
8
HIDDEN
10
298.175197
20
229.066667
30
0.000000
11
297.482884
21
229.066667
31
0.000000
0
LINE
8
HIDDEN
10
242.517116
20
229.066667
30
0.000000
11
241.824803
21
229.066667
31
0.000000
0
LINE
8
HIDDEN
10
241.824803
20
229.066667
30
0.000000
11
241.141195
21
229.066667
31
0.000000
0
LINE
8
HIDDEN
10
241.141195
20
229.066667
30
0.000000
11
240.474891
21
229.066667
31
0.000000
0
LINE
8
HIDDEN
10
240.474891
20
229.066667
30
0.000000
11
239.834269
21
229.066667
31
0.000000
0
LINE
8
HIDDEN
10
239.834269
20
229.066667
30
0.000000
11
239.227385
21
229.066667
31
0.000000
0
LINE
8
HIDDEN
10
239.227385
20
229.066667
30
0.000000
11
238.661871
21
229.066667
31
0.000000
0
LINE
8
HIDDEN
10
238.661871
20
229.066667
30
0.000000
11
238.144840
21
229.066667
31
0.000000
0
LINE
8
HIDDEN
10
238.144840
20
229.066667
30
0.000000
11
237.682792
21
229.066667
31
0.000000
0
LINE
8
HIDDEN
10
237.682792
20
229.066667
30
0.000000
11
237.281538
21
229.066667
31
0.000000
0
LINE
8
HIDDEN
10
237.281538
20
229.066667
30
0.000000
11
236.946126
21
229.066667
31
0.000000
0
LINE
8
HIDDEN
10
236.946126
20
229.066667
30
0.000000
11
236.680771
21
229.066667
31
0.000000
0
LINE
8
HIDDEN
10
236.680771
20
229.066667
30
0.000000
11
236.488812
21
229.066667
31
0.000000
0
LINE
8
HIDDEN
10
236.488812
20
229.066667
30
0.000000
11
236.372663
21
229.066667
31
0.000000
0
LINE
8
HIDDEN
10
236.372663
20
229.066667
30
0.000000
11
236.333783
21
229.066667
31
0.000000
0
LINE
8
HIDDEN
10
236.333783
20
229.066667
30
0.000000
11
236.488812
21
229.066667
31
0.000000
0
LINE
8
HIDDEN
10
236.488812
20
229.066667
30
0.000000
11
236.946126
21
229.066667
31
0.000000
0
LINE
8
HIDDEN
10
236.946126
20
229.066667
30
0.000000
11
237.682792
21
229.066667
31
0.000000
0
LINE
8
HIDDEN
10
237.682792
20
229.066667
30
0.000000
11
238.661871
21
229.066667
31
0.000000
0
LINE
8
HIDDEN
10
238.661871
20
229.066667
30
0.000000
11
239.834269
21
229.066667
31
0.000000
0
LINE
8
HIDDEN
10
239.834269
20
229.066667
30
0.000000
11
241.141195
21
229.066667
31
0.000000
0
LINE
8
HIDDEN
10
241.141195
20
229.066667
30
0.000000
11
242.517116
21
229.066667
31
0.000000
0
LINE
8
HIDDEN
10
242.517116
20
229.066667
30
0.000000
11
243.893038
21
229.066667
31
0.000000
0
LINE
8
HIDDEN
10
243.893038
20
229.066667
30
0.000000
11
245.199964
21
229.066667
31
0.000000
0
LINE
8
HIDDEN
10
245.199964
20
229.066667
30
0.000000
11
246.372362
21
229.066667
31
0.000000
0
LINE
8
HIDDEN
10
246.372362
20
229.066667
30
0.000000
11
247.351441
21
229.066667
31
0.000000
0
LINE
8
HIDDEN
10
247.351441
20
229.066667
30
0.000000
11
248.088107
21
229.066667
31
0.000000
0
LINE
8
HIDDEN
10
248.088107
20
229.066667
30
0.000000
11
248.545421
21
229.066667
31
0.000000
0
LINE
8
HIDDEN
10
248.545421
20
229.066667
30
0.000000
11
248.700450
21
229.066667
31
0.000000
0
LINE
8
HIDDEN
10
248.700450
20
229.066667
30
0.000000
11
248.661570
21
229.066667
31
0.000000
0
LINE
8
HIDDEN
10
248.661570
20
229.066667
30
0.000000
11
248.545421
21
229.066667
31
0.000000
0
LINE
8
HIDDEN
10
248.545421
20
229.066667
30
0.000000
11
248.353462
21
229.066667
31
0.000000
0
LINE
8
HIDDEN
10
248.353462
20
229.066667
30
0.000000
11
248.088107
21
229.066667
31
0.000000
0
LINE
8
HIDDEN
10
248.088107
20
229.066667
30
0.000000
11
247.752694
21
229.066667
31
0.000000
0
LINE
8
HIDDEN
10
247.752694
20
229.066667
30
0.000000
11
247.351441
21
229.066667
31
0.000000
0
LINE
8
HIDDEN
10
247.351441
20
229.066667
30
0.000000
11
246.889393
21
229.066667
31
0.000000
0
LINE
8
HIDDEN
10
246.889393
20
229.066667
30
0.000000
11
246.372362
21
229.066667
31
0.000000
0
LINE
8
HIDDEN
10
246.372362
20
229.066667
30
0.000000
11
245.806848
21
229.066667
31
0.000000
0
LINE
8
HIDDEN
10
245.806848
20
229.066667
30
0.000000
11
245.199964
21
229.066667
31
0.000000
0
LINE
8
HIDDEN
10
245.199964
20
229.066667
30
0.000000
11
244.559342
21
229.066667
31
0.000000
0
LINE
8
HIDDEN
10
244.559342
20
229.066667
30
0.000000
11
243.893038
21
229.066667
31
0.000000
0
LINE
8
HIDDEN
10
243.893038
20
229.066667
30
0.000000
11
243.209430
21
229.066667
31
0.000000
0
LINE
8
HIDDEN
10
243.209430
20
229.066667
30
0.000000
11
242.517116
21
229.066667
31
0.000000
0
LINE
8
HIDDEN
10
270.000000
20
229.066667
30
0.000000
11
268.021961
21
229.066667
31
0.000000
0
LINE
8
HIDDEN
10
268.021961
20
229.066667
30
0.000000
11
266.068797
21
229.066667
31
0.000000
0
LINE
8
HIDDEN
10
266.068797
20
229.066667
30
0.000000
11
264.165070
21
229.066667
31
0.000000
0
LINE
8
HIDDEN
10
264.165070
20
229.066667
30
0.000000
11
262.334721
21
229.066667
31
0.000000
0
LINE
8
HIDDEN
10
262.334721
20
229.066667
30
0.000000
11
260.600767
21
229.066667
31
0.000000
0
LINE
8
HIDDEN
10
260.600767
20
229.066667
30
0.000000
11
258.985014
21
229.066667
31
0.000000
0
LINE
8
HIDDEN
10
258.985014
20
229.066667
30
0.000000
11
257.507780
21
229.066667
31
0.000000
0
LINE
8
HIDDEN
10
257.507780
20
229.066667
30
0.000000
11
256.187644
21
229.066667
31
0.000000
0
LINE
8
HIDDEN
10
256.187644
20
229.066667
30
0.000000
11
255.041206
21
229.066667
31
0.000000
0
LINE
8
HIDDEN
10
255.041206
20
229.066667
30
0.000000
11
254.082883
21
229.066667
31
0.000000
0
LINE
8
HIDDEN
10
254.082883
20
229.066667
30
0.000000
11
253.324728
21
229.066667
31
0.000000
0
LINE
8
HIDDEN
10
253.324728
20
229.066667
30
0.000000
11
252.776274
21
229.066667
31
0.000000
0
LINE
8
HIDDEN
10
252.776274
20
229.066667
30
0.000000
11
252.444418
21
229.066667
31
0.000000
0
LINE
8
HIDDEN
10
252.444418
20
229.066667
30
0.000000
11
252.333333
21
229.066667
31
0.000000
0
LINE
8
HIDDEN
10
252.333333
20
229.066667
30
0.000000
11
252.776274
21
229.066667
31
0.000000
0
LINE
8
HIDDEN
10
252.776274
20
229.066667
30
0.000000
11
254.082883
21
229.066667
31
0.000000
0
LINE
8
HIDDEN
10
254.082883
20
229.066667
30
0.000000
11
256.187644
21
229.066667
31
0.000000
0
LINE
8
HIDDEN
10
256.187644
20
229.066667
30
0.000000
11
258.985014
21
229.066667
31
0.000000
0
LINE
8
HIDDEN
10
258.985014
20
229.066667
30
0.000000
11
262.334721
21
229.066667
31
0.000000
0
LINE
8
HIDDEN
10
262.334721
20
229.066667
30
0.000000
11
266.068797
21
229.066667
31
0.000000
0
LINE
8
HIDDEN
10
266.068797
20
229.066667
30
0.000000
11
270.000000
21
229.066667
31
0.000000
0
LINE
8
HIDDEN
10
270.000000
20
229.066667
30
0.000000
11
273.931203
21
229.066667
31
0.000000
0
LINE
8
HIDDEN
10
273.931203
20
229.066667
30
0.000000
11
277.665279
21
229.066667
31
0.000000
0
LINE
8
HIDDEN
10
277.665279
20
229.066667
30
0.000000
11
281.014986
21
229.066667
31
0.000000
0
LINE
8
HIDDEN
10
281.014986
20
229.066667
30
0.000000
11
283.812356
21
229.066667
31
0.000000
0
LINE
8
HIDDEN
10
283.812356
20
229.066667
30
0.000000
11
285.917117
21
229.066667
31
0.000000
0
LINE
8
HIDDEN
10
285.917117
20
229.066667
30
0.000000
11
287.223726
21
229.066667
31
0.000000
0
LINE
8
HIDDEN
10
287.223726
20
229.066667
30
0.000000
11
287.666667
21
229.066667
31
0.000000
0
LINE
8
HIDDEN
10
287.666667
20
229.066667
30
0.000000
11
287.555582
21
229.066667
31
0.000000
0
LINE
8
HIDDEN
10
287.555582
20
229.066667
30
0.000000
11
287.223726
21
229.066667
31
0.000000
0
LINE
8
HIDDEN
10
287.223726
20
229.066667
30
0.000000
11
286.675272
21
229.066667
31
0.000000
0
LINE
8
HIDDEN
10
286.675272
20
229.066667
30
0.000000
11
285.917117
21
229.066667
31
0.000000
0
LINE
8
HIDDEN
10
285.917117
20
229.066667
30
0.000000
11
284.958794
21
229.066667
31
0.000000
0
LINE
8
HIDDEN
10
284.958794
20
229.066667
30
0.000000
11
283.812356
21
229.066667
31
0.000000
0
LINE
8
HIDDEN
10
283.812356
20
229.066667
30
0.000000
11
282.492220
21
229.066667
31
0.000000
0
LINE
8
HIDDEN
10
282.492220
20
229.066667
30
0.000000
11
281.014986
21
229.066667
31
0.000000
0
LINE
8
HIDDEN
10
281.014986
20
229.066667
30
0.000000
11
279.399233
21
229.066667
31
0.000000
0
LINE
8
HIDDEN
10
279.399233
20
229.066667
30
0.000000
11
277.665279
21
229.066667
31
0.000000
0
LINE
8
HIDDEN
10
277.665279
20
229.066667
30
0.000000
11
275.834930
21
229.066667
31
0.000000
0
LINE
8
HIDDEN
10
275.834930
20
229.066667
30
0.000000
11
273.931203
21
229.066667
31
0.000000
0
LINE
8
HIDDEN
10
273.931203
20
229.066667
30
0.000000
11
271.978039
21
229.066667
31
0.000000
0
LINE
8
HIDDEN
10
271.978039
20
229.066667
30
0.000000
11
270.000000
21
229.066667
31
0.000000
0
LINE
8
HIDDEN
10
242.517116
20
229.066667
30
0.000000
11
241.824803
21
229.066667
31
0.000000
0
LINE
8
HIDDEN
10
241.824803
20
229.066667
30
0.000000
11
241.141195
21
229.066667
31
0.000000
0
LINE
8
HIDDEN
10
241.141195
20
229.066667
30
0.000000
11
240.474891
21
229.066667
31
0.000000
0
LINE
8
HIDDEN
10
240.474891
20
229.066667
30
0.000000
11
239.834269
21
229.066667
31
0.000000
0
LINE
8
HIDDEN
10
239.834269
20
229.066667
30
0.000000
11
239.227385
21
229.066667
31
0.000000
0
LINE
8
HIDDEN
10
239.227385
20
229.066667
30
0.000000
11
238.661871
21
229.066667
31
0.000000
0
LINE
8
HIDDEN
10
238.661871
20
229.066667
30
0.000000
11
238.144840
21
229.066667
31
0.000000
0
LINE
8
HIDDEN
10
238.144840
20
229.066667
30
0.000000
11
237.682792
21
229.066667
31
0.000000
0
LINE
8
HIDDEN
10
237.682792
20
229.066667
30
0.000000
11
237.281538
21
229.066667
31
0.000000
0
LINE
8
HIDDEN
10
237.281538
20
229.066667
30
0.000000
11
236.946126
21
229.066667
31
0.000000
0
LINE
8
HIDDEN
10
236.946126
20
229.066667
30
0.000000
11
236.680771
21
229.066667
31
0.000000
0
LINE
8
HIDDEN
10
236.680771
20
229.066667
30
0.000000
11
236.488812
21
229.066667
31
0.000000
0
LINE
8
HIDDEN
10
236.488812
20
229.066667
30
0.000000
11
236.372663
21
229.066667
31
0.000000
0
LINE
8
HIDDEN
10
236.372663
20
229.066667
30
0.000000
11
236.333783
21
229.066667
31
0.000000
0
LINE
8
HIDDEN
10
236.333783
20
229.066667
30
0.000000
11
236.488812
21
229.066667
31
0.000000
0
LINE
8
HIDDEN
10
236.488812
20
229.066667
30
0.000000
11
236.946126
21
229.066667
31
0.000000
0
LINE
8
HIDDEN
10
236.946126
20
229.066667
30
0.000000
11
237.682792
21
229.066667
31
0.000000
0
LINE
8
HIDDEN
10
237.682792
20
229.066667
30
0.000000
11
238.661871
21
229.066667
31
0.000000
0
LINE
8
HIDDEN
10
238.661871
20
229.066667
30
0.000000
11
239.834269
21
229.066667
31
0.000000
0
LINE
8
HIDDEN
10
239.834269
20
229.066667
30
0.000000
11
241.141195
21
229.066667
31
0.000000
0
LINE
8
HIDDEN
10
241.141195
20
229.066667
30
0.000000
11
242.517116
21
229.066667
31
0.000000
0
LINE
8
HIDDEN
10
242.517116
20
229.066667
30
0.000000
11
243.893038
21
229.066667
31
0.000000
0
LINE
8
HIDDEN
10
243.893038
20
229.066667
30
0.000000
11
245.199964
21
229.066667
31
0.000000
0
LINE
8
HIDDEN
10
245.199964
20
229.066667
30
0.000000
11
246.372362
21
229.066667
31
0.000000
0
LINE
8
HIDDEN
10
246.372362
20
229.066667
30
0.000000
11
247.351441
21
229.066667
31
0.000000
0
LINE
8
HIDDEN
10
247.351441
20
229.066667
30
0.000000
11
248.088107
21
229.066667
31
0.000000
0
LINE
8
HIDDEN
10
248.088107
20
229.066667
30
0.000000
11
248.545421
21
229.066667
31
0.000000
0
LINE
8
HIDDEN
10
248.545421
20
229.066667
30
0.000000
11
248.700450
21
229.066667
31
0.000000
0
LINE
8
HIDDEN
10
248.700450
20
229.066667
30
0.000000
11
248.661570
21
229.066667
31
0.000000
0
LINE
8
HIDDEN
10
248.661570
20
229.066667
30
0.000000
11
248.545421
21
229.066667
31
0.000000
0
LINE
8
HIDDEN
10
248.545421
20
229.066667
30
0.000000
11
248.353462
21
229.066667
31
0.000000
0
LINE
8
HIDDEN
10
248.353462
20
229.066667
30
0.000000
11
248.088107
21
229.066667
31
0.000000
0
LINE
8
HIDDEN
10
248.088107
20
229.066667
30
0.000000
11
247.752694
21
229.066667
31
0.000000
0
LINE
8
HIDDEN
10
247.752694
20
229.066667
30
0.000000
11
247.351441
21
229.066667
31
0.000000
0
LINE
8
HIDDEN
10
247.351441
20
229.066667
30
0.000000
11
246.889393
21
229.066667
31
0.000000
0
LINE
8
HIDDEN
10
246.889393
20
229.066667
30
0.000000
11
246.372362
21
229.066667
31
0.000000
0
LINE
8
HIDDEN
10
246.372362
20
229.066667
30
0.000000
11
245.806848
21
229.066667
31
0.000000
0
LINE
8
HIDDEN
10
245.806848
20
229.066667
30
0.000000
11
245.199964
21
229.066667
31
0.000000
0
LINE
8
HIDDEN
10
245.199964
20
229.066667
30
0.000000
11
244.559342
21
229.066667
31
0.000000
0
LINE
8
HIDDEN
10
244.559342
20
229.066667
30
0.000000
11
243.893038
21
229.066667
31
0.000000
0
LINE
8
HIDDEN
10
243.893038
20
229.066667
30
0.000000
11
243.209430
21
229.066667
31
0.000000
0
LINE
8
HIDDEN
10
243.209430
20
229.066667
30
0.000000
11
242.517116
21
229.066667
31
0.000000
0
LINE
8
HIDDEN
10
291.299550
20
229.066667
30
0.000000
11
291.299550
21
214.933333
31
0.000000
0
LINE
8
HIDDEN
10
303.666217
20
229.066667
30
0.000000
11
303.666217
21
214.933333
31
0.000000
0
LINE
8
HIDDEN
10
291.299550
20
229.066667
30
0.000000
11
291.299550
21
214.933333
31
0.000000
0
LINE
8
HIDDEN
10
303.666217
20
229.066667
30
0.000000
11
303.666217
21
214.933333
31
0.000000
0
LINE
8
HIDDEN
10
236.333783
20
229.066667
30
0.000000
11
236.333783
21
214.933333
31
0.000000
0
LINE
8
HIDDEN
10
248.700450
20
229.066667
30
0.000000
11
248.700450
21
214.933333
31
0.000000
0
LINE
8
HIDDEN
10
252.333333
20
229.066667
30
0.000000
11
252.333333
21
214.933333
31
0.000000
0
LINE
8
HIDDEN
10
287.666667
20
229.066667
30
0.000000
11
287.666667
21
214.933333
31
0.000000
0
LINE
8
HIDDEN
10
236.333783
20
229.066667
30
0.000000
11
236.333783
21
214.933333
31
0.000000
0
LINE
8
HIDDEN
10
248.700450
20
229.066667
30
0.000000
11
248.700450
21
214.933333
31
0.000000
0
LINE
8
OUTLINE
10
362.136770
20
45.052746
30
0.000000
11
364.751857
21
46.638561
31
0.000000
0
LINE
8
OUTLINE
10
364.751857
20
46.638561
30
0.000000
11
367.229019
21
48.296549
31
0.000000
0
LINE
8
OUTLINE
10
367.229019
20
48.296549
30
0.000000
11
369.562289
21
50.022716
31
0.000000
0
LINE
8
OUTLINE
10
369.562289
20
50.022716
30
0.000000
11
371.746045
21
51.812903
31
0.000000
0
LINE
8
OUTLINE
10
371.746045
20
51.812903
30
0.000000
11
373.775027
21
53.662798
31
0.000000
0
LINE
8
OUTLINE
10
373.775027
20
53.662798
30
0.000000
11
375.644347
21
55.567945
31
0.000000
0
LINE
8
OUTLINE
10
375.644347
20
55.567945
30
0.000000
11
377.349500
21
57.523753
31
0.000000
0
LINE
8
OUTLINE
10
377.349500
20
57.523753
30
0.000000
11
378.886381
21
59.525511
31
0.000000
0
LINE
8
OUTLINE
10
378.886381
20
59.525511
30
0.000000
11
380.251285
21
61.568396
31
0.000000
0
LINE
8
OUTLINE
10
380.251285
20
61.568396
30
0.000000
11
381.440925
21
63.647487
31
0.000000
0
LINE
8
OUTLINE
10
381.440925
20
63.647487
30
0.000000
11
382.452435
21
65.757776
31
0.000000
0
LINE
8
OUTLINE
10
382.452435
20
65.757776
30
0.000000
11
383.283377
21
67.894177
31
0.000000
0
LINE
8
OUTLINE
10
383.283377
20
67.894177
30
0.000000
11
383.931751
21
70.051546
31
0.000000
0
LINE
8
OUTLINE
10
383.931751
20
70.051546
30
0.000000
11
384.395995
21
72.224683
31
0.000000
0
LINE
8
OUTLINE
10
384.395995
20
72.224683
30
0.000000
11
384.674989
21
74.408355
31
0.000000
0
LINE
8
OUTLINE
10
384.674989
20
74.408355
30
0.000000
11
384.768062
21
76.597300
31
0.000000
0
LINE
8
OUTLINE
10
230.231938
20
76.597300
30
0.000000
11
230.284296
21
74.955303
31
0.000000
0
LINE
8
OUTLINE
10
230.284296
20
74.955303
30
0.000000
11
230.441300
21
73.315531
31
0.000000
0
LINE
8
OUTLINE
10
230.441300
20
73.315531
30
0.000000
11
230.702735
21
71.680206
31
0.000000
0
LINE
8
OUTLINE
10
230.702735
20
71.680206
30
0.000000
11
231.068249
21
70.051546
31
0.000000
0
LINE
8
OUTLINE
10
231.068249
20
70.051546
30
0.000000
11
232.109388
21
66.823033
31
0.000000
0
LINE
8
OUTLINE
10
232.109388
20
66.823033
30
0.000000
11
233.559075
21
63.647487
31
0.000000
0
LINE
8
OUTLINE
10
233.559075
20
63.647487
30
0.000000
11
235.409455
21
60.542118
31
0.000000
0
LINE
8
OUTLINE
10
235.409455
20
60.542118
30
0.000000
11
237.650500
21
57.523753
31
0.000000
0
LINE
8
OUTLINE
10
237.650500
20
57.523753
30
0.000000
11
240.270065
21
54.608749
31
0.000000
0
LINE
8
OUTLINE
10
240.270065
20
54.608749
30
0.000000
11
243.253955
21
51.812903
31
0.000000
0
LINE
8
OUTLINE
10
243.253955
20
51.812903
30
0.000000
11
246.586000
21
49.151366
31
0.000000
0
LINE
8
OUTLINE
10
246.586000
20
49.151366
30
0.000000
11
250.248143
21
46.638561
31
0.000000
0
LINE
8
OUTLINE
10
250.248143
20
46.638561
30
0.000000
11
254.220539
21
44.288105
31
0.000000
0
LINE
8
OUTLINE
10
254.220539
20
44.288105
30
0.000000
11
258.481661
21
42.112735
31
0.000000
0
LINE
8
OUTLINE
10
258.481661
20
42.112735
30
0.000000
11
263.008417
21
40.124240
31
0.000000
0
LINE
8
OUTLINE
10
263.008417
20
40.124240
30
0.000000
11
267.776278
21
38.333396
31
0.000000
0
LINE
8
OUTLINE
10
267.776278
20
38.333396
30
0.000000
11
272.759404
21
36.749907
31
0.000000
0
LINE
8
OUTLINE
10
272.759404
20
36.749907
30
0.000000
11
277.930793
21
35.382354
31
0.000000
0
LINE
8
OUTLINE
10
277.930793
20
35.382354
30
0.000000
11
283.262420
21
34.238149
31
0.000000
0
LINE
8
OUTLINE
10
283.262420
20
34.238149
30
0.000000
11
288.725392
21
33.323492
31
0.000000
0
LINE
8
OUTLINE
10
288.725392
20
33.323492
30
0.000000
11
294.290106
21
32.643339
31
0.000000
0
LINE
8
OUTLINE
10
294.290106
20
32.643339
30
0.000000
11
299.926406
21
32.201377
31
0.000000
0
LINE
8
OUTLINE
10
299.926406
20
32.201377
30
0.000000
11
305.603747
21
32.000000
31
0.000000
0
LINE
8
OUTLINE
10
305.603747
20
32.000000
30
0.000000
11
311.291364
21
32.040300
31
0.000000
0
LINE
8
OUTLINE
10
311.291364
20
32.040300
30
0.000000
11
316.958436
21
32.322058
31
0.000000
0
LINE
8
OUTLINE
10
316.958436
20
32.322058
30
0.000000
11
322.574251
21
32.843747
31
0.000000
0
LINE
8
OUTLINE
10
322.574251
20
32.843747
30
0.000000
11
328.108378
21
33.602540
31
0.000000
0
LINE
8
OUTLINE
10
328.108378
20
33.602540
30
0.000000
11
333.530826
21
34.594326
31
0.000000
0
LINE
8
OUTLINE
10
333.530826
20
34.594326
30
0.000000
11
338.812211
21
35.813730
31
0.000000
0
LINE
8
OUTLINE
10
338.812211
20
35.813730
30
0.000000
11
343.923912
21
37.254143
31
0.000000
0
LINE
8
OUTLINE
10
343.923912
20
37.254143
30
0.000000
11
348.838229
21
38.907761
31
0.000000
0
LINE
8
OUTLINE
10
348.838229
20
38.907761
30
0.000000
11
353.528531
21
40.765621
31
0.000000
0
LINE
8
OUTLINE
10
353.528531
20
40.765621
30
0.000000
11
357.969399
21
42.817656
31
0.000000
0
LINE
8
OUTLINE
10
357.969399
20
42.817656
30
0.000000
11
362.136770
21
45.052746
31
0.000000
0
LINE
8
OUTLINE
10
328.738959
20
85.009181
30
0.000000
11
326.821759
21
86.429936
31
0.000000
0
LINE
8
OUTLINE
10
326.821759
20
86.429936
30
0.000000
11
324.621121
21
87.706453
31
0.000000
0
LINE
8
OUTLINE
10
324.621121
20
87.706453
30
0.000000
11
322.169326
21
88.820004
31
0.000000
0
LINE
8
OUTLINE
10
322.169326
20
88.820004
30
0.000000
11
319.502341
21
89.754255
31
0.000000
0
LINE
8
OUTLINE
10
319.502341
20
89.754255
30
0.000000
11
316.659288
21
90.495502
31
0.000000
0
LINE
8
OUTLINE
10
316.659288
20
90.495502
30
0.000000
11
313.681874
21
91.032870
31
0.000000
0
LINE
8
OUTLINE
10
313.681874
20
91.032870
30
0.000000
11
310.613776
21
91.358477
31
0.000000
0
LINE
8
OUTLINE
10
310.613776
20
91.358477
30
0.000000
11
307.500000
21
91.467546
31
0.000000
0
LINE
8
OUTLINE
10
307.500000
20
91.467546
30
0.000000
11
304.386224
21
91.358477
31
0.000000
0
LINE
8
OUTLINE
10
304.386224
20
91.358477
30
0.000000
11
301.318126
21
91.032870
31
0.000000
0
LINE
8
OUTLINE
10
301.318126
20
91.032870
30
0.000000
11
298.340712
21
90.495502
31
0.000000
0
LINE
8
OUTLINE
10
298.340712
20
90.495502
30
0.000000
11
295.497659
21
89.754255
31
0.000000
0
LINE
8
OUTLINE
10
295.497659
20
89.754255
30
0.000000
11
292.830674
21
88.820004
31
0.000000
0
LINE
8
OUTLINE
10
292.830674
20
88.820004
30
0.000000
11
290.378879
21
87.706453
31
0.000000
0
LINE
8
OUTLINE
10
290.378879
20
87.706453
30
0.000000
11
288.178241
21
86.429936
31
0.000000
0
LINE
8
OUTLINE
10
288.178241
20
86.429936
30
0.000000
11
286.261041
21
85.009181
31
0.000000
0
LINE
8
OUTLINE
10
257.211045
20
89.740864
30
0.000000
11
258.332127
21
90.529549
31
0.000000
0
LINE
8
OUTLINE
10
258.332127
20
90.529549
30
0.000000
11
259.165166
21
91.429354
31
0.000000
0
LINE
8
OUTLINE
10
259.165166
20
91.429354
30
0.000000
11
259.678149
21
92.405698
31
0.000000
0
LINE
8
OUTLINE
10
259.678149
20
92.405698
30
0.000000
11
259.851362
21
93.421062
31
0.000000
0
LINE
8
OUTLINE
10
259.851362
20
93.421062
30
0.000000
11
259.678149
21
94.436427
31
0.000000
0
LINE
8
OUTLINE
10
259.678149
20
94.436427
30
0.000000
11
259.165166
21
95.412771
31
0.000000
0
LINE
8
OUTLINE
10
259.165166
20
95.412771
30
0.000000
11
258.332127
21
96.312575
31
0.000000
0
LINE
8
OUTLINE
10
258.332127
20
96.312575
30
0.000000
11
257.211045
21
97.101260
31
0.000000
0
LINE
8
OUTLINE
10
257.211045
20
97.101260
30
0.000000
11
255.845002
21
97.748517
31
0.000000
0
LINE
8
OUTLINE
10
255.845002
20
97.748517
30
0.000000
11
254.286496
21
98.229473
31
0.000000
0
LINE
8
OUTLINE
10
254.286496
20
98.229473
30
0.000000
11
252.595417
21
98.525644
31
0.000000
0
LINE
8
OUTLINE
10
252.595417
20
98.525644
30
0.000000
11
250.836755
21
98.625648
31
0.000000
0
LINE
8
OUTLINE
10
250.836755
20
98.625648
30
0.000000
11
249.078092
21
98.525644
31
0.000000
0
LINE
8
OUTLINE
10
249.078092
20
98.525644
30
0.000000
11
247.387014
21
98.229473
31
0.000000
0
LINE
8
OUTLINE
10
247.387014
20
98.229473
30
0.000000
11
245.828507
21
97.748517
31
0.000000
0
LINE
8
OUTLINE
10
245.828507
20
97.748517
30
0.000000
11
244.462465
21
97.101260
31
0.000000
0
LINE
8
OUTLINE
10
244.462465
20
97.101260
30
0.000000
11
243.341383
21
96.312575
31
0.000000
0
LINE
8
OUTLINE
10
243.341383
20
96.312575
30
0.000000
11
242.508344
21
95.412771
31
0.000000
0
LINE
8
OUTLINE
10
242.508344
20
95.412771
30
0.000000
11
241.995361
21
94.436427
31
0.000000
0
LINE
8
OUTLINE
10
241.995361
20
94.436427
30
0.000000
11
241.822148
21
93.421062
31
0.000000
0
LINE
8
OUTLINE
10
241.822148
20
93.421062
30
0.000000
11
241.919717
21
92.657391
31
0.000000
0
LINE
8
OUTLINE
10
241.919717
20
92.657391
30
0.000000
11
242.210314
21
91.910251
31
0.000000
0
LINE
8
OUTLINE
10
242.210314
20
91.910251
30
0.000000
11
242.687646
21
91.195815
31
0.000000
0
LINE
8
OUTLINE
10
242.687646
20
91.195815
30
0.000000
11
243.341383
21
90.529549
31
0.000000
0
LINE
8
OUTLINE
10
243.341383
20
90.529549
30
0.000000
11
244.157372
21
89.925876
31
0.000000
0
LINE
8
OUTLINE
10
244.157372
20
89.925876
30
0.000000
11
245.117949
21
89.397863
31
0.000000
0
LINE
8
OUTLINE
10
245.117949
20
89.397863
30
0.000000
11
246.202321
21
88.956940
31
0.000000
0
LINE
8
OUTLINE
10
246.202321
20
88.956940
30
0.000000
11
247.387014
21
88.612652
31
0.000000
0
LINE
8
OUTLINE
10
247.387014
20
88.612652
30
0.000000
11
248.646384
21
88.372451
31
0.000000
0
LINE
8
OUTLINE
10
248.646384
20
88.372451
30
0.000000
11
249.953169
21
88.241538
31
0.000000
0
LINE
8
OUTLINE
10
249.953169
20
88.241538
30
0.000000
11
251.279081
21
88.222746
31
0.000000
0
LINE
8
OUTLINE
10
251.279081
20
88.222746
30
0.000000
11
252.595417
21
88.316481
31
0.000000
0
LINE
8
OUTLINE
10
252.595417
20
88.316481
30
0.000000
11
253.873685
21
88.520715
31
0.000000
0
LINE
8
OUTLINE
10
253.873685
20
88.520715
30
0.000000
11
255.086211
21
88.831027
31
0.000000
0
LINE
8
OUTLINE
10
255.086211
20
88.831027
30
0.000000
11
256.206750
21
89.240700
31
0.000000
0
LINE
8
OUTLINE
10
256.206750
20
89.240700
30
0.000000
11
257.211045
21
89.740864
31
0.000000
0
LINE
8
OUTLINE
10
313.874290
20
57.026325
30
0.000000
11
314.995372
21
57.815010
31
0.000000
0
LINE
8
OUTLINE
10
314.995372
20
57.815010
30
0.000000
11
315.828411
21
58.714814
31
0.000000
0
LINE
8
OUTLINE
10
315.828411
20
58.714814
30
0.000000
11
316.341394
21
59.691158
31
0.000000
0
LINE
8
OUTLINE
10
316.341394
20
59.691158
30
0.000000
11
316.514607
21
60.706523
31
0.000000
0
LINE
8
OUTLINE
10
316.514607
20
60.706523
30
0.000000
11
316.341394
21
61.721887
31
0.000000
0
LINE
8
OUTLINE
10
316.341394
20
61.721887
30
0.000000
11
315.828411
21
62.698231
31
0.000000
0
LINE
8
OUTLINE
10
315.828411
20
62.698231
30
0.000000
11
314.995372
21
63.598036
31
0.000000
0
LINE
8
OUTLINE
10
314.995372
20
63.598036
30
0.000000
11
313.874290
21
64.386721
31
0.000000
0
LINE
8
OUTLINE
10
313.874290
20
64.386721
30
0.000000
11
312.508247
21
65.033978
31
0.000000
0
LINE
8
OUTLINE
10
312.508247
20
65.033978
30
0.000000
11
310.949741
21
65.514933
31
0.000000
0
LINE
8
OUTLINE
10
310.949741
20
65.514933
30
0.000000
11
309.258663
21
65.811104
31
0.000000
0
LINE
8
OUTLINE
10
309.258663
20
65.811104
30
0.000000
11
307.500000
21
65.911108
31
0.000000
0
LINE
8
OUTLINE
10
307.500000
20
65.911108
30
0.000000
11
305.741337
21
65.811104
31
0.000000
0
LINE
8
OUTLINE
10
305.741337
20
65.811104
30
0.000000
11
304.050259
21
65.514933
31
0.000000
0
LINE
8
OUTLINE
10
304.050259
20
65.514933
30
0.000000
11
302.491753
21
65.033978
31
0.000000
0
LINE
8
OUTLINE
10
302.491753
20
65.033978
30
0.000000
11
301.125710
21
64.386721
31
0.000000
0
LINE
8
OUTLINE
10
301.125710
20
64.386721
30
0.000000
11
300.004628
21
63.598036
31
0.000000
0
LINE
8
OUTLINE
10
300.004628
20
63.598036
30
0.000000
11
299.171589
21
62.698231
31
0.000000
0
LINE
8
OUTLINE
10
299.171589
20
62.698231
30
0.000000
11
298.658606
21
61.721887
31
0.000000
0
LINE
8
OUTLINE
10
298.658606
20
61.721887
30
0.000000
11
298.485393
21
60.706523
31
0.000000
0
LINE
8
OUTLINE
10
298.485393
20
60.706523
30
0.000000
11
298.582962
21
59.942851
31
0.000000
0
LINE
8
OUTLINE
10
298.582962
20
59.942851
30
0.000000
11
298.873559
21
59.195711
31
0.000000
0
LINE
8
OUTLINE
10
298.873559
20
59.195711
30
0.000000
11
299.350892
21
58.481275
31
0.000000
0
LINE
8
OUTLINE
10
299.350892
20
58.481275
30
0.000000
11
300.004628
21
57.815010
31
0.000000
0
LINE
8
OUTLINE
10
300.004628
20
57.815010
30
0.000000
11
300.820617
21
57.211336
31
0.000000
0
LINE
8
OUTLINE
10
300.820617
20
57.211336
30
0.000000
11
301.781194
21
56.683323
31
0.000000
0
LINE
8
OUTLINE
10
301.781194
20
56.683323
30
0.000000
11
302.865566
21
56.242400
31
0.000000
0
LINE
8
OUTLINE
10
302.865566
20
56.242400
30
0.000000
11
304.050259
21
55.898112
31
0.000000
0
LINE
8
OUTLINE
10
304.050259
20
55.898112
30
0.000000
11
305.309629
21
55.657912
31
0.000000
0
LINE
8
OUTLINE
10
305.309629
20
55.657912
30
0.000000
11
306.616414
21
55.526998
31
0.000000
0
LINE
8
OUTLINE
10
306.616414
20
55.526998
30
0.000000
11
307.942326
21
55.508206
31
0.000000
0
LINE
8
OUTLINE
10
307.942326
20
55.508206
30
0.000000
11
309.258663
21
55.601941
31
0.000000
0
LINE
8
OUTLINE
10
309.258663
20
55.601941
30
0.000000
11
310.536930
21
55.806176
31
0.000000
0
LINE
8
OUTLINE
10
310.536930
20
55.806176
30
0.000000
11
311.749456
21
56.116488
31
0.000000
0
LINE
8
OUTLINE
10
311.749456
20
56.116488
30
0.000000
11
312.869995
21
56.526160
31
0.000000
0
LINE
8
OUTLINE
10
312.869995
20
56.526160
30
0.000000
11
313.874290
21
57.026325
31
0.000000
0
LINE
8
OUTLINE
10
313.874290
20
122.455404
30
0.000000
11
314.995372
21
123.244089
31
0.000000
0
LINE
8
OUTLINE
10
314.995372
20
123.244089
30
0.000000
11
315.828411
21
124.143893
31
0.000000
0
LINE
8
OUTLINE
10
315.828411
20
124.143893
30
0.000000
11
316.341394
21
125.120238
31
0.000000
0
LINE
8
OUTLINE
10
316.341394
20
125.120238
30
0.000000
11
316.514607
21
126.135602
31
0.000000
0
LINE
8
OUTLINE
10
316.514607
20
126.135602
30
0.000000
11
316.341394
21
127.150967
31
0.000000
0
LINE
8
OUTLINE
10
316.341394
20
127.150967
30
0.000000
11
315.828411
21
128.127311
31
0.000000
0
LINE
8
OUTLINE
10
315.828411
20
128.127311
30
0.000000
11
314.995372
21
129.027115
31
0.000000
0
LINE
8
OUTLINE
10
314.995372
20
129.027115
30
0.000000
11
313.874290
21
129.815800
31
0.000000
0
LINE
8
OUTLINE
10
313.874290
20
129.815800
30
0.000000
11
312.508247
21
130.463057
31
0.000000
0
LINE
8
OUTLINE
10
312.508247
20
130.463057
30
0.000000
11
310.949741
21
130.944013
31
0.000000
0
LINE
8
OUTLINE
10
310.949741
20
130.944013
30
0.000000
11
309.258663
21
131.240183
31
0.000000
0
LINE
8
OUTLINE
10
309.258663
20
131.240183
30
0.000000
11
307.500000
21
131.340188
31
0.000000
0
LINE
8
OUTLINE
10
307.500000
20
131.340188
30
0.000000
11
305.741337
21
131.240183
31
0.000000
0
LINE
8
OUTLINE
10
305.741337
20
131.240183
30
0.000000
11
304.050259
21
130.944013
31
0.000000
0
LINE
8
OUTLINE
10
304.050259
20
130.944013
30
0.000000
11
302.491753
21
130.463057
31
0.000000
0
LINE
8
OUTLINE
10
302.491753
20
130.463057
30
0.000000
11
301.125710
21
129.815800
31
0.000000
0
LINE
8
OUTLINE
10
301.125710
20
129.815800
30
0.000000
11
300.004628
21
129.027115
31
0.000000
0
LINE
8
OUTLINE
10
300.004628
20
129.027115
30
0.000000
11
299.171589
21
128.127311
31
0.000000
0
LINE
8
OUTLINE
10
299.171589
20
128.127311
30
0.000000
11
298.658606
21
127.150967
31
0.000000
0
LINE
8
OUTLINE
10
298.658606
20
127.150967
30
0.000000
11
298.485393
21
126.135602
31
0.000000
0
LINE
8
OUTLINE
10
298.485393
20
126.135602
30
0.000000
11
298.582962
21
125.371931
31
0.000000
0
LINE
8
OUTLINE
10
298.582962
20
125.371931
30
0.000000
11
298.873559
21
124.624791
31
0.000000
0
LINE
8
OUTLINE
10
298.873559
20
124.624791
30
0.000000
11
299.350892
21
123.910355
31
0.000000
0
LINE
8
OUTLINE
10
299.350892
20
123.910355
30
0.000000
11
300.004628
21
123.244089
31
0.000000
0
LINE
8
OUTLINE
10
300.004628
20
123.244089
30
0.000000
11
300.820617
21
122.640416
31
0.000000
0
LINE
8
OUTLINE
10
300.820617
20
122.640416
30
0.000000
11
301.781194
21
122.112403
31
0.000000
0
LINE
8
OUTLINE
10
301.781194
20
122.112403
30
0.000000
11
302.865566
21
121.671480
31
0.000000
0
LINE
8
OUTLINE
10
302.865566
20
121.671480
30
0.000000
11
304.050259
21
121.327192
31
0.000000
0
LINE
8
OUTLINE
10
304.050259
20
121.327192
30
0.000000
11
305.309629
21
121.086991
31
0.000000
0
LINE
8
OUTLINE
10
305.309629
20
121.086991
30
0.000000
11
306.616414
21
120.956078
31
0.000000
0
LINE
8
OUTLINE
10
306.616414
20
120.956078
30
0.000000
11
307.942326
21
120.937286
31
0.000000
0
LINE
8
OUTLINE
10
307.942326
20
120.937286
30
0.000000
11
309.258663
21
121.031021
31
0.000000
0
LINE
8
OUTLINE
10
309.258663
20
121.031021
30
0.000000
11
310.536930
21
121.235255
31
0.000000
0
LINE
8
OUTLINE
10
310.536930
20
121.235255
30
0.000000
11
311.749456
21
121.545567
31
0.000000
0
LINE
8
OUTLINE
10
311.749456
20
121.545567
30
0.000000
11
312.869995
21
121.955240
31
0.000000
0
LINE
8
OUTLINE
10
312.869995
20
121.955240
30
0.000000
11
313.874290
21
122.455404
31
0.000000
0
LINE
8
OUTLINE
10
325.712257
20
82.906211
30
0.000000
11
327.409673
21
83.987479
31
0.000000
0
LINE
8
OUTLINE
10
327.409673
20
83.987479
30
0.000000
11
328.915348
21
85.159597
31
0.000000
0
LINE
8
OUTLINE
10
328.915348
20
85.159597
30
0.000000
11
330.214782
21
86.411277
31
0.000000
0
LINE
8
OUTLINE
10
330.214782
20
86.411277
30
0.000000
11
331.295460
21
87.730466
31
0.000000
0
LINE
8
OUTLINE
10
331.295460
20
87.730466
30
0.000000
11
332.146975
21
89.104458
31
0.000000
0
LINE
8
OUTLINE
10
332.146975
20
89.104458
30
0.000000
11
332.761126
21
90.520021
31
0.000000
0
LINE
8
OUTLINE
10
332.761126
20
90.520021
30
0.000000
11
333.131998
21
91.963523
31
0.000000
0
LINE
8
OUTLINE
10
333.131998
20
91.963523
30
0.000000
11
333.256021
21
93.421062
31
0.000000
0
LINE
8
OUTLINE
10
333.256021
20
93.421062
30
0.000000
11
333.131998
21
94.878601
31
0.000000
0
LINE
8
OUTLINE
10
333.131998
20
94.878601
30
0.000000
11
332.761126
21
96.322103
31
0.000000
0
LINE
8
OUTLINE
10
332.761126
20
96.322103
30
0.000000
11
332.146975
21
97.737667
31
0.000000
0
LINE
8
OUTLINE
10
332.146975
20
97.737667
30
0.000000
11
331.295460
21
99.111659
31
0.000000
0
LINE
8
OUTLINE
10
331.295460
20
99.111659
30
0.000000
11
330.214782
21
100.430848
31
0.000000
0
LINE
8
OUTLINE
10
330.214782
20
100.430848
30
0.000000
11
328.915348
21
101.682528
31
0.000000
0
LINE
8
OUTLINE
10
328.915348
20
101.682528
30
0.000000
11
327.409673
21
102.854646
31
0.000000
0
LINE
8
OUTLINE
10
327.409673
20
102.854646
30
0.000000
11
325.712257
21
103.935914
31
0.000000
0
LINE
8
OUTLINE
10
325.712257
20
103.935914
30
0.000000
11
323.839446
21
104.915918
31
0.000000
0
LINE
8
OUTLINE
10
323.839446
20
104.915918
30
0.000000
11
321.809278
21
105.785220
31
0.000000
0
LINE
8
OUTLINE
10
321.809278
20
105.785220
30
0.000000
11
319.641304
21
106.535448
31
0.000000
0
LINE
8
OUTLINE
10
319.641304
20
106.535448
30
0.000000
11
317.356402
21
107.159378
31
0.000000
0
LINE
8
OUTLINE
10
317.356402
20
107.159378
30
0.000000
11
314.976578
21
107.651000
31
0.000000
0
LINE
8
OUTLINE
10
314.976578
20
107.651000
30
0.000000
11
312.524750
21
108.005580
31
0.000000
0
LINE
8
OUTLINE
10
312.524750
20
108.005580
30
0.000000
11
310.024531
21
108.219703
31
0.000000
0
LINE
8
OUTLINE
10
310.024531
20
108.219703
30
0.000000
11
307.500000
21
108.291308
31
0.000000
0
LINE
8
OUTLINE
10
307.500000
20
108.291308
30
0.000000
11
304.975469
21
108.219703
31
0.000000
0
LINE
8
OUTLINE
10
304.975469
20
108.219703
30
0.000000
11
302.475250
21
108.005580
31
0.000000
0
LINE
8
OUTLINE
10
302.475250
20
108.005580
30
0.000000
11
300.023422
21
107.651000
31
0.000000
0
LINE
8
OUTLINE
10
300.023422
20
107.651000
30
0.000000
11
297.643598
21
107.159378
31
0.000000
0
LINE
8
OUTLINE
10
297.643598
20
107.159378
30
0.000000
11
295.358696
21
106.535448
31
0.000000
0
LINE
8
OUTLINE
10
295.358696
20
106.535448
30
0.000000
11
293.190722
21
105.785220
31
0.000000
0
LINE
8
OUTLINE
10
293.190722
20
105.785220
30
0.000000
11
291.160554
21
104.915918
31
0.000000
0
LINE
8
OUTLINE
10
291.160554
20
104.915918
30
0.000000
11
289.287743
21
103.935914
31
0.000000
0
LINE
8
OUTLINE
10
289.287743
20
103.935914
30
0.000000
11
287.590327
21
102.854646
31
0.000000
0
LINE
8
OUTLINE
10
287.590327
20
102.854646
30
0.000000
11
286.084652
21
101.682528
31
0.000000
0
LINE
8
OUTLINE
10
286.084652
20
101.682528
30
0.000000
11
284.785218
21
100.430848
31
0.000000
0
LINE
8
OUTLINE
10
284.785218
20
100.430848
30
0.000000
11
283.704540
21
99.111659
31
0.000000
0
LINE
8
OUTLINE
10
283.704540
20
99.111659
30
0.000000
11
282.853025
21
97.737667
31
0.000000
0
LINE
8
OUTLINE
10
282.853025
20
97.737667
30
0.000000
11
282.238874
21
96.322103
31
0.000000
0
LINE
8
OUTLINE
10
282.238874
20
96.322103
30
0.000000
11
281.868002
21
94.878601
31
0.000000
0
LINE
8
OUTLINE
10
281.868002
20
94.878601
30
0.000000
11
281.743979
21
93.421062
31
0.000000
0
LINE
8
OUTLINE
10
281.743979
20
93.421062
30
0.000000
11
281.813767
21
92.327139
31
0.000000
0
LINE
8
OUTLINE
10
281.813767
20
92.327139
30
0.000000
11
282.022750
21
91.239144
31
0.000000
0
LINE
8
OUTLINE
10
282.022750
20
91.239144
30
0.000000
11
282.369796
21
90.162973
31
0.000000
0
LINE
8
OUTLINE
10
282.369796
20
90.162973
30
0.000000
11
282.853025
21
89.104458
31
0.000000
0
LINE
8
OUTLINE
10
282.853025
20
89.104458
30
0.000000
11
283.469818
21
88.069335
31
0.000000
0
LINE
8
OUTLINE
10
283.469818
20
88.069335
30
0.000000
11
284.216833
21
87.063213
31
0.000000
0
LINE
8
OUTLINE
10
284.216833
20
87.063213
30
0.000000
11
285.090022
21
86.091545
31
0.000000
0
LINE
8
OUTLINE
10
285.090022
20
86.091545
30
0.000000
11
286.084652
21
85.159597
31
0.000000
0
LINE
8
OUTLINE
10
286.084652
20
85.159597
30
0.000000
11
287.195333
21
84.272418
31
0.000000
0
LINE
8
OUTLINE
10
287.195333
20
84.272418
30
0.000000
11
288.416048
21
83.434816
31
0.000000
0
LINE
8
OUTLINE
10
288.416048
20
83.434816
30
0.000000
11
291.160554
21
81.926207
31
0.000000
0
LINE
8
OUTLINE
10
291.160554
20
81.926207
30
0.000000
11
294.258759
21
80.666427
31
0.000000
0
LINE
8
OUTLINE
10
294.258759
20
80.666427
30
0.000000
11
297.643598
21
79.682747
31
0.000000
0
LINE
8
OUTLINE
10
297.643598
20
79.682747
30
0.000000
11
301.241797
21
78.996460
31
0.000000
0
LINE
8
OUTLINE
10
301.241797
20
78.996460
30
0.000000
11
304.975469
21
78.622421
31
0.000000
0
LINE
8
OUTLINE
10
304.975469
20
78.622421
30
0.000000
11
308.763788
21
78.568729
31
0.000000
0
LINE
8
OUTLINE
10
308.763788
20
78.568729
30
0.000000
11
312.524750
21
78.836545
31
0.000000
0
LINE
8
OUTLINE
10
312.524750
20
78.836545
30
0.000000
11
316.176942
21
79.420071
31
0.000000
0
LINE
8
OUTLINE
10
316.176942
20
79.420071
30
0.000000
11
319.641304
21
80.306677
31
0.000000
0
LINE
8
OUTLINE
10
319.641304
20
80.306677
30
0.000000
11
322.842844
21
81.477169
31
0.000000
0
LINE
8
OUTLINE
10
322.842844
20
81.477169
30
0.000000
11
325.712257
21
82.906211
31
0.000000
0
LINE
8
OUTLINE
10
370.537535
20
89.740864
30
0.000000
11
371.658617
21
90.529549
31
0.000000
0
LINE
8
OUTLINE
10
371.658617
20
90.529549
30
0.000000
11
372.491656
21
91.429354
31
0.000000
0
LINE
8
OUTLINE
10
372.491656
20
91.429354
30
0.000000
11
373.004639
21
92.405698
31
0.000000
0
LINE
8
OUTLINE
10
373.004639
20
92.405698
30
0.000000
11
373.177852
21
93.421062
31
0.000000
0
LINE
8
OUTLINE
10
373.177852
20
93.421062
30
0.000000
11
373.004639
21
94.436427
31
0.000000
0
LINE
8
OUTLINE
10
373.004639
20
94.436427
30
0.000000
11
372.491656
21
95.412771
31
0.000000
0
LINE
8
OUTLINE
10
372.491656
20
95.412771
30
0.000000
11
371.658617
21
96.312575
31
0.000000
0
LINE
8
OUTLINE
10
371.658617
20
96.312575
30
0.000000
11
370.537535
21
97.101260
31
0.000000
0
LINE
8
OUTLINE
10
370.537535
20
97.101260
30
0.000000
11
369.171493
21
97.748517
31
0.000000
0
LINE
8
OUTLINE
10
369.171493
20
97.748517
30
0.000000
11
367.612986
21
98.229473
31
0.000000
0
LINE
8
OUTLINE
10
367.612986
20
98.229473
30
0.000000
11
365.921908
21
98.525644
31
0.000000
0
LINE
8
OUTLINE
10
365.921908
20
98.525644
30
0.000000
11
364.163245
21
98.625648
31
0.000000
0
LINE
8
OUTLINE
10
364.163245
20
98.625648
30
0.000000
11
362.404583
21
98.525644
31
0.000000
0
LINE
8
OUTLINE
10
362.404583
20
98.525644
30
0.000000
11
360.713504
21
98.229473
31
0.000000
0
LINE
8
OUTLINE
10
360.713504
20
98.229473
30
0.000000
11
359.154998
21
97.748517
31
0.000000
0
LINE
8
OUTLINE
10
359.154998
20
97.748517
30
0.000000
11
357.788955
21
97.101260
31
0.000000
0
LINE
8
OUTLINE
10
357.788955
20
97.101260
30
0.000000
11
356.667873
21
96.312575
31
0.000000
0
LINE
8
OUTLINE
10
356.667873
20
96.312575
30
0.000000
11
355.834834
21
95.412771
31
0.000000
0
LINE
8
OUTLINE
10
355.834834
20
95.412771
30
0.000000
11
355.321851
21
94.436427
31
0.000000
0
LINE
8
OUTLINE
10
355.321851
20
94.436427
30
0.000000
11
355.148638
21
93.421062
31
0.000000
0
LINE
8
OUTLINE
10
355.148638
20
93.421062
30
0.000000
11
355.246207
21
92.657391
31
0.000000
0
LINE
8
OUTLINE
10
355.246207
20
92.657391
30
0.000000
11
355.536804
21
91.910251
31
0.000000
0
LINE
8
OUTLINE
10
355.536804
20
91.910251
30
0.000000
11
356.014137
21
91.195815
31
0.000000
0
LINE
8
OUTLINE
10
356.014137
20
91.195815
30
0.000000
11
356.667873
21
90.529549
31
0.000000
0
LINE
8
OUTLINE
10
356.667873
20
90.529549
30
0.000000
11
357.483862
21
89.925876
31
0.000000
0
LINE
8
OUTLINE
10
357.483862
20
89.925876
30
0.000000
11
358.444439
21
89.397863
31
0.000000
0
LINE
8
OUTLINE
10
358.444439
20
89.397863
30
0.000000
11
359.528811
21
88.956940
31
0.000000
0
LINE
8
OUTLINE
10
359.528811
20
88.956940
30
0.000000
11
360.713504
21
88.612652
31
0.000000
0
LINE
8
OUTLINE
10
360.713504
20
88.612652
30
0.000000
11
361.972874
21
88.372451
31
0.000000
0
LINE
8
OUTLINE
10
361.972874
20
88.372451
30
0.000000
11
363.279659
21
88.241538
31
0.000000
0
LINE
8
OUTLINE
10
363.279659
20
88.241538
30
0.000000
11
364.605571
21
88.222746
31
0.000000
0
LINE
8
OUTLINE
10
364.605571
20
88.222746
30
0.000000
11
365.921908
21
88.316481
31
0.000000
0
LINE
8
OUTLINE
10
365.921908
20
88.316481
30
0.000000
11
367.200175
21
88.520715
31
0.000000
0
LINE
8
OUTLINE
10
367.200175
20
88.520715
30
0.000000
11
368.412702
21
88.831027
31
0.000000
0
LINE
8
OUTLINE
10
368.412702
20
88.831027
30
0.000000
11
369.533240
21
89.240700
31
0.000000
0
LINE
8
OUTLINE
10
369.533240
20
89.240700
30
0.000000
11
370.537535
21
89.740864
31
0.000000
0
LINE
8
OUTLINE
10
230.231938
20
89.215122
30
0.000000
11
230.231938
21
76.597300
31
0.000000
0
LINE
8
OUTLINE
10
384.768062
20
89.215122
30
0.000000
11
384.768062
21
76.597300
31
0.000000
0
LINE
8
OUTLINE
10
384.768062
20
89.215122
30
0.000000
11
384.708085
21
91.086630
31
0.000000
0
LINE
8
OUTLINE
10
384.708085
20
91.086630
30
0.000000
11
384.528219
21
92.953432
31
0.000000
0
LINE
8
OUTLINE
10
384.528219
20
92.953432
30
0.000000
11
384.229455
21
94.810758
31
0.000000
0
LINE
8
OUTLINE
10
384.229455
20
94.810758
30
0.000000
11
383.813126
21
96.654180
31
0.000000
0
LINE
8
OUTLINE
10
383.813126
20
96.654180
30
0.000000
11
383.280910
21
98.479620
31
0.000000
0
LINE
8
OUTLINE
10
383.280910
20
98.479620
30
0.000000
11
382.634826
21
100.283342
31
0.000000
0
LINE
8
OUTLINE
10
382.634826
20
100.283342
30
0.000000
11
381.877236
21
102.061961
31
0.000000
0
LINE
8
OUTLINE
10
381.877236
20
102.061961
30
0.000000
11
381.010842
21
103.812432
31
0.000000
0
LINE
8
OUTLINE
10
381.010842
20
103.812432
30
0.000000
11
379.665788
21
106.138272
31
0.000000
0
LINE
8
OUTLINE
10
379.665788
20
106.138272
30
0.000000
11
378.131547
21
108.402129
31
0.000000
0
LINE
8
OUTLINE
10
378.131547
20
108.402129
30
0.000000
11
376.414744
21
110.599363
31
0.000000
0
LINE
8
OUTLINE
10
376.414744
20
110.599363
30
0.000000
11
374.521866
21
112.726008
31
0.000000
0
LINE
8
OUTLINE
10
374.521866
20
112.726008
30
0.000000
11
371.976664
21
115.226045
31
0.000000
0
LINE
8
OUTLINE
10
371.976664
20
115.226045
30
0.000000
11
369.189013
21
117.609464
31
0.000000
0
LINE
8
OUTLINE
10
369.189013
20
117.609464
30
0.000000
11
366.170369
21
119.870770
31
0.000000
0
LINE
8
OUTLINE
10
366.170369
20
119.870770
30
0.000000
11
362.932382
21
122.004617
31
0.000000
0
LINE
8
OUTLINE
10
362.932382
20
122.004617
30
0.000000
11
359.530127
21
123.982385
31
0.000000
0
LINE
8
OUTLINE
10
359.530127
20
123.982385
30
0.000000
11
355.937689
21
125.825726
31
0.000000
0
LINE
8
OUTLINE
10
355.937689
20
125.825726
30
0.000000
11
352.167798
21
127.529586
31
0.000000
0
LINE
8
OUTLINE
10
352.167798
20
127.529586
30
0.000000
11
348.233817
21
129.089185
31
0.000000
0
LINE
8
OUTLINE
10
348.233817
20
129.089185
30
0.000000
11
344.149741
21
130.500016
31
0.000000
0
LINE
8
OUTLINE
10
344.149741
20
130.500016
30
0.000000
11
339.930200
21
131.757846
31
0.000000
0
LINE
8
OUTLINE
10
339.930200
20
131.757846
30
0.000000
11
335.590458
21
132.858716
31
0.000000
0
LINE
8
OUTLINE
10
335.590458
20
132.858716
30
0.000000
11
331.146411
21
133.798941
31
0.000000
0
LINE
8
OUTLINE
10
331.146411
20
133.798941
30
0.000000
11
327.445884
21
134.446511
31
0.000000
0
LINE
8
OUTLINE
10
327.445884
20
134.446511
30
0.000000
11
323.694740
21
134.983152
31
0.000000
0
LINE
8
OUTLINE
10
323.694740
20
134.983152
30
0.000000
11
319.902815
21
135.407652
31
0.000000
0
LINE
8
OUTLINE
10
319.902815
20
135.407652
30
0.000000
11
316.079891
21
135.719051
31
0.000000
0
LINE
8
OUTLINE
10
316.079891
20
135.719051
30
0.000000
11
312.235693
21
135.916649
31
0.000000
0
LINE
8
OUTLINE
10
312.235693
20
135.916649
30
0.000000
11
308.379894
21
136.000000
31
0.000000
0
LINE
8
OUTLINE
10
308.379894
20
136.000000
30
0.000000
11
304.522108
21
135.968914
31
0.000000
0
LINE
8
OUTLINE
10
304.522108
20
135.968914
30
0.000000
11
300.671899
21
135.823456
31
0.000000
0
LINE
8
OUTLINE
10
300.671899
20
135.823456
30
0.000000
11
296.838772
21
135.563948
31
0.000000
0
LINE
8
OUTLINE
10
296.838772
20
135.563948
30
0.000000
11
293.032178
21
135.190969
31
0.000000
0
LINE
8
OUTLINE
10
293.032178
20
135.190969
30
0.000000
11
289.261514
21
134.705350
31
0.000000
0
LINE
8
OUTLINE
10
289.261514
20
134.705350
30
0.000000
11
285.536121
21
134.108182
31
0.000000
0
LINE
8
OUTLINE
10
285.536121
20
134.108182
30
0.000000
11
281.865286
21
133.400809
31
0.000000
0
LINE
8
OUTLINE
10
281.865286
20
133.400809
30
0.000000
11
278.258239
21
132.584832
31
0.000000
0
LINE
8
OUTLINE
10
278.258239
20
132.584832
30
0.000000
11
274.724158
21
131.662108
31
0.000000
0
LINE
8
OUTLINE
10
274.724158
20
131.662108
30
0.000000
11
271.272163
21
130.634749
31
0.000000
0
LINE
8
OUTLINE
10
271.272163
20
130.634749
30
0.000000
11
265.966571
21
128.788939
31
0.000000
0
LINE
8
OUTLINE
10
265.966571
20
128.788939
30
0.000000
11
260.919940
21
126.692703
31
0.000000
0
LINE
8
OUTLINE
10
260.919940
20
126.692703
30
0.000000
11
256.162664
21
124.356247
31
0.000000
0
LINE
8
OUTLINE
10
256.162664
20
124.356247
30
0.000000
11
251.723281
21
121.790298
31
0.000000
0
LINE
8
OUTLINE
10
251.723281
20
121.790298
30
0.000000
11
248.615926
21
119.720047
31
0.000000
0
LINE
8
OUTLINE
10
248.615926
20
119.720047
30
0.000000
11
245.713622
21
117.531431
31
0.000000
0
LINE
8
OUTLINE
10
245.713622
20
117.531431
30
0.000000
11
243.026835
21
115.229248
31
0.000000
0
LINE
8
OUTLINE
10
243.026835
20
115.229248
30
0.000000
11
240.565866
21
112.818432
31
0.000000
0
LINE
8
OUTLINE
10
240.565866
20
112.818432
30
0.000000
11
238.650670
21
110.677512
31
0.000000
0
LINE
8
OUTLINE
10
238.650670
20
110.677512
30
0.000000
11
236.914175
21
108.464721
31
0.000000
0
LINE
8
OUTLINE
10
236.914175
20
108.464721
30
0.000000
11
235.363023
21
106.184103
31
0.000000
0
LINE
8
OUTLINE
10
235.363023
20
106.184103
30
0.000000
11
234.003998
21
103.840395
31
0.000000
0
LINE
8
OUTLINE
10
234.003998
20
103.840395
30
0.000000
11
233.134231
21
102.086844
31
0.000000
0
LINE
8
OUTLINE
10
233.134231
20
102.086844
30
0.000000
11
232.373668
21
100.304994
31
0.000000
0
LINE
8
OUTLINE
10
232.373668
20
100.304994
30
0.000000
11
231.725032
21
98.497899
31
0.000000
0
LINE
8
OUTLINE
10
231.725032
20
98.497899
30
0.000000
11
231.190702
21
96.668965
31
0.000000
0
LINE
8
OUTLINE
10
231.190702
20
96.668965
30
0.000000
11
230.772710
21
94.821943
31
0.000000
0
LINE
8
OUTLINE
10
230.772710
20
94.821943
30
0.000000
11
230.472747
21
92.960937
31
0.000000
0
LINE
8
OUTLINE
10
230.472747
20
92.960937
30
0.000000
11
230.292156
21
91.090396
31
0.000000
0
LINE
8
OUTLINE
10
230.292156
20
91.090396
30
0.000000
11
230.231938
21
89.215122
31
0.000000
0
LINE
8
OUTLINE
10
362.136770
20
57.670568
30
0.000000
11
364.751857
21
59.256383
31
0.000000
0
LINE
8
OUTLINE
10
364.751857
20
59.256383
30
0.000000
11
367.229019
21
60.914370
31
0.000000
0
LINE
8
OUTLINE
10
367.229019
20
60.914370
30
0.000000
11
369.562289
21
62.640537
31
0.000000
0
LINE
8
OUTLINE
10
369.562289
20
62.640537
30
0.000000
11
371.746045
21
64.430725
31
0.000000
0
LINE
8
OUTLINE
10
371.746045
20
64.430725
30
0.000000
11
373.775027
21
66.280620
31
0.000000
0
LINE
8
OUTLINE
10
373.775027
20
66.280620
30
0.000000
11
375.644347
21
68.185766
31
0.000000
0
LINE
8
OUTLINE
10
375.644347
20
68.185766
30
0.000000
11
377.349500
21
70.141574
31
0.000000
0
LINE
8
OUTLINE
10
377.349500
20
70.141574
30
0.000000
11
378.886381
21
72.143332
31
0.000000
0
LINE
8
OUTLINE
10
378.886381
20
72.143332
30
0.000000
11
380.251285
21
74.186217
31
0.000000
0
LINE
8
OUTLINE
10
380.251285
20
74.186217
30
0.000000
11
381.440925
21
76.265309
31
0.000000
0
LINE
8
OUTLINE
10
381.440925
20
76.265309
30
0.000000
11
382.452435
21
78.375597
31
0.000000
0
LINE
8
OUTLINE
10
382.452435
20
78.375597
30
0.000000
11
383.283377
21
80.511999
31
0.000000
0
LINE
8
OUTLINE
10
383.283377
20
80.511999
30
0.000000
11
383.931751
21
82.669367
31
0.000000
0
LINE
8
OUTLINE
10
383.931751
20
82.669367
30
0.000000
11
384.395995
21
84.842505
31
0.000000
0
LINE
8
OUTLINE
10
384.395995
20
84.842505
30
0.000000
11
384.674989
21
87.026177
31
0.000000
0
LINE
8
OUTLINE
10
384.674989
20
87.026177
30
0.000000
11
384.768062
21
89.215122
31
0.000000
0
LINE
8
OUTLINE
10
230.231938
20
89.215122
30
0.000000
11
230.284296
21
87.573125
31
0.000000
0
LINE
8
OUTLINE
10
230.284296
20
87.573125
30
0.000000
11
230.441300
21
85.933353
31
0.000000
0
LINE
8
OUTLINE
10
230.441300
20
85.933353
30
0.000000
11
230.702735
21
84.298028
31
0.000000
0
LINE
8
OUTLINE
10
230.702735
20
84.298028
30
0.000000
11
231.068249
21
82.669367
31
0.000000
0
LINE
8
OUTLINE
10
231.068249
20
82.669367
30
0.000000
11
232.109388
21
79.440854
31
0.000000
0
LINE
8
OUTLINE
10
232.109388
20
79.440854
30
0.000000
11
233.559075
21
76.265309
31
0.000000
0
LINE
8
OUTLINE
10
233.559075
20
76.265309
30
0.000000
11
235.409455
21
73.159939
31
0.000000
0
LINE
8
OUTLINE
10
235.409455
20
73.159939
30
0.000000
11
237.650500
21
70.141574
31
0.000000
0
LINE
8
OUTLINE
10
237.650500
20
70.141574
30
0.000000
11
240.270065
21
67.226571
31
0.000000
0
LINE
8
OUTLINE
10
240.270065
20
67.226571
30
0.000000
11
243.253955
21
64.430725
31
0.000000
0
LINE
8
OUTLINE
10
243.253955
20
64.430725
30
0.000000
11
246.586000
21
61.769188
31
0.000000
0
LINE
8
OUTLINE
10
246.586000
20
61.769188
30
0.000000
11
250.248143
21
59.256383
31
0.000000
0
LINE
8
OUTLINE
10
250.248143
20
59.256383
30
0.000000
11
254.220539
21
56.905926
31
0.000000
0
LINE
8
OUTLINE
10
254.220539
20
56.905926
30
0.000000
11
258.481661
21
54.730556
31
0.000000
0
LINE
8
OUTLINE
10
258.481661
20
54.730556
30
0.000000
11
263.008417
21
52.742061
31
0.000000
0
LINE
8
OUTLINE
10
263.008417
20
52.742061
30
0.000000
11
267.776278
21
50.951217
31
0.000000
0
LINE
8
OUTLINE
10
267.776278
20
50.951217
30
0.000000
11
272.759404
21
49.367728
31
0.000000
0
LINE
8
OUTLINE
10
272.759404
20
49.367728
30
0.000000
11
277.930793
21
48.000176
31
0.000000
0
LINE
8
OUTLINE
10
277.930793
20
48.000176
30
0.000000
11
283.262420
21
46.855971
31
0.000000
0
LINE
8
OUTLINE
10
283.262420
20
46.855971
30
0.000000
11
288.725392
21
45.941314
31
0.000000
0
LINE
8
OUTLINE
10
288.725392
20
45.941314
30
0.000000
11
294.290106
21
45.261161
31
0.000000
0
LINE
8
OUTLINE
10
294.290106
20
45.261161
30
0.000000
11
299.926406
21
44.819199
31
0.000000
0
LINE
8
OUTLINE
10
299.926406
20
44.819199
30
0.000000
11
305.603747
21
44.617822
31
0.000000
0
LINE
8
OUTLINE
10
305.603747
20
44.617822
30
0.000000
11
311.291364
21
44.658121
31
0.000000
0
LINE
8
OUTLINE
10
311.291364
20
44.658121
30
0.000000
11
316.958436
21
44.939879
31
0.000000
0
LINE
8
OUTLINE
10
316.958436
20
44.939879
30
0.000000
11
322.574251
21
45.461568
31
0.000000
0
LINE
8
OUTLINE
10
322.574251
20
45.461568
30
0.000000
11
328.108378
21
46.220362
31
0.000000
0
LINE
8
OUTLINE
10
328.108378
20
46.220362
30
0.000000
11
333.530826
21
47.212148
31
0.000000
0
LINE
8
OUTLINE
10
333.530826
20
47.212148
30
0.000000
11
338.812211
21
48.431552
31
0.000000
0
LINE
8
OUTLINE
10
338.812211
20
48.431552
30
0.000000
11
343.923912
21
49.871965
31
0.000000
0
LINE
8
OUTLINE
10
343.923912
20
49.871965
30
0.000000
11
348.838229
21
51.525582
31
0.000000
0
LINE
8
OUTLINE
10
348.838229
20
51.525582
30
0.000000
11
353.528531
21
53.383443
31
0.000000
0
LINE
8
OUTLINE
10
353.528531
20
53.383443
30
0.000000
11
357.969399
21
55.435478
31
0.000000
0
LINE
8
OUTLINE
10
357.969399
20
55.435478
30
0.000000
11
362.136770
21
57.670568
31
0.000000
0
LINE
8
OUTLINE
10
358.494319
20
63.979479
30
0.000000
11
360.935067
21
65.459572
31
0.000000
0
LINE
8
OUTLINE
10
360.935067
20
65.459572
30
0.000000
11
363.247085
21
67.007028
31
0.000000
0
LINE
8
OUTLINE
10
363.247085
20
67.007028
30
0.000000
11
365.424803
21
68.618117
31
0.000000
0
LINE
8
OUTLINE
10
365.424803
20
68.618117
30
0.000000
11
367.462976
21
70.288958
31
0.000000
0
LINE
8
OUTLINE
10
367.462976
20
70.288958
30
0.000000
11
369.356692
21
72.015527
31
0.000000
0
LINE
8
OUTLINE
10
369.356692
20
72.015527
30
0.000000
11
371.101390
21
73.793664
31
0.000000
0
LINE
8
OUTLINE
10
371.101390
20
73.793664
30
0.000000
11
372.692867
21
75.619085
31
0.000000
0
LINE
8
OUTLINE
10
372.692867
20
75.619085
30
0.000000
11
374.127289
21
77.487392
31
0.000000
0
LINE
8
OUTLINE
10
374.127289
20
77.487392
30
0.000000
11
375.401199
21
79.394085
31
0.000000
0
LINE
8
OUTLINE
10
375.401199
20
79.394085
30
0.000000
11
376.511530
21
81.334570
31
0.000000
0
LINE
8
OUTLINE
10
376.511530
20
81.334570
30
0.000000
11
377.455606
21
83.304173
31
0.000000
0
LINE
8
OUTLINE
10
377.455606
20
83.304173
30
0.000000
11
378.231152
21
85.298148
31
0.000000
0
LINE
8
OUTLINE
10
378.231152
20
85.298148
30
0.000000
11
378.836301
21
87.311692
31
0.000000
0
LINE
8
OUTLINE
10
378.836301
20
87.311692
30
0.000000
11
379.269595
21
89.339953
31
0.000000
0
LINE
8
OUTLINE
10
379.269595
20
89.339953
30
0.000000
11
379.529990
21
91.378047
31
0.000000
0
LINE
8
OUTLINE
10
379.529990
20
91.378047
30
0.000000
11
379.616857
21
93.421062
31
0.000000
0
LINE
8
OUTLINE
10
379.616857
20
93.421062
30
0.000000
11
379.529990
21
95.464078
31
0.000000
0
LINE
8
OUTLINE
10
379.529990
20
95.464078
30
0.000000
11
379.269595
21
97.502171
31
0.000000
0
LINE
8
OUTLINE
10
379.269595
20
97.502171
30
0.000000
11
378.836301
21
99.530433
31
0.000000
0
LINE
8
OUTLINE
10
378.836301
20
99.530433
30
0.000000
11
378.231152
21
101.543977
31
0.000000
0
LINE
8
OUTLINE
10
378.231152
20
101.543977
30
0.000000
11
377.455606
21
103.537952
31
0.000000
0
LINE
8
OUTLINE
10
377.455606
20
103.537952
30
0.000000
11
376.511530
21
105.507555
31
0.000000
0
LINE
8
OUTLINE
10
376.511530
20
105.507555
30
0.000000
11
375.401199
21
107.448040
31
0.000000
0
LINE
8
OUTLINE
10
375.401199
20
107.448040
30
0.000000
11
374.127289
21
109.354733
31
0.000000
0
LINE
8
OUTLINE
10
374.127289
20
109.354733
30
0.000000
11
372.692867
21
111.223040
31
0.000000
0
LINE
8
OUTLINE
10
372.692867
20
111.223040
30
0.000000
11
371.101390
21
113.048461
31
0.000000
0
LINE
8
OUTLINE
10
371.101390
20
113.048461
30
0.000000
11
369.356692
21
114.826597
31
0.000000
0
LINE
8
OUTLINE
10
369.356692
20
114.826597
30
0.000000
11
367.462976
21
116.553166
31
0.000000
0
LINE
8
OUTLINE
10
367.462976
20
116.553166
30
0.000000
11
365.424803
21
118.224008
31
0.000000
0
LINE
8
OUTLINE
10
365.424803
20
118.224008
30
0.000000
11
363.247085
21
119.835097
31
0.000000
0
LINE
8
OUTLINE
10
363.247085
20
119.835097
30
0.000000
11
360.935067
21
121.382552
31
0.000000
0
LINE
8
OUTLINE
10
360.935067
20
121.382552
30
0.000000
11
358.494319
21
122.862646
31
0.000000
0
LINE
8
OUTLINE
10
358.494319
20
122.862646
30
0.000000
11
355.930721
21
124.271813
31
0.000000
0
LINE
8
OUTLINE
10
355.930721
20
124.271813
30
0.000000
11
353.250450
21
125.606657
31
0.000000
0
LINE
8
OUTLINE
10
353.250450
20
125.606657
30
0.000000
11
350.459962
21
126.863963
31
0.000000
0
LINE
8
OUTLINE
10
350.459962
20
126.863963
30
0.000000
11
347.565979
21
128.040702
31
0.000000
0
LINE
8
OUTLINE
10
347.565979
20
128.040702
30
0.000000
11
344.575474
21
129.134040
31
0.000000
0
LINE
8
OUTLINE
10
344.575474
20
129.134040
30
0.000000
11
341.495651
21
130.141342
31
0.000000
0
LINE
8
OUTLINE
10
341.495651
20
130.141342
30
0.000000
11
338.333930
21
131.060182
31
0.000000
0
LINE
8
OUTLINE
10
338.333930
20
131.060182
30
0.000000
11
335.097927
21
131.888345
31
0.000000
0
LINE
8
OUTLINE
10
335.097927
20
131.888345
30
0.000000
11
331.795438
21
132.623838
31
0.000000
0
LINE
8
OUTLINE
10
331.795438
20
132.623838
30
0.000000
11
328.434419
21
133.264888
31
0.000000
0
LINE
8
OUTLINE
10
328.434419
20
133.264888
30
0.000000
11
321.569301
21
134.257712
31
0.000000
0
LINE
8
OUTLINE
10
321.569301
20
134.257712
30
0.000000
11
314.568688
21
134.857257
31
0.000000
0
LINE
8
OUTLINE
10
314.568688
20
134.857257
30
0.000000
11
307.500000
21
135.057749
31
0.000000
0
LINE
8
OUTLINE
10
307.500000
20
135.057749
30
0.000000
11
300.431312
21
134.857257
31
0.000000
0
LINE
8
OUTLINE
10
300.431312
20
134.857257
30
0.000000
11
293.430699
21
134.257712
31
0.000000
0
LINE
8
OUTLINE
10
293.430699
20
134.257712
30
0.000000
11
286.565581
21
133.264888
31
0.000000
0
LINE
8
OUTLINE
10
286.565581
20
133.264888
30
0.000000
11
283.204562
21
132.623838
31
0.000000
0
LINE
8
OUTLINE
10
283.204562
20
132.623838
30
0.000000
11
279.902073
21
131.888345
31
0.000000
0
LINE
8
OUTLINE
10
279.902073
20
131.888345
30
0.000000
11
276.666070
21
131.060182
31
0.000000
0
LINE
8
OUTLINE
10
276.666070
20
131.060182
30
0.000000
11
273.504349
21
130.141342
31
0.000000
0
LINE
8
OUTLINE
10
273.504349
20
130.141342
30
0.000000
11
270.424526
21
129.134040
31
0.000000
0
LINE
8
OUTLINE
10
270.424526
20
129.134040
30
0.000000
11
267.434021
21
128.040702
31
0.000000
0
LINE
8
OUTLINE
10
267.434021
20
128.040702
30
0.000000
11
264.540038
21
126.863963
31
0.000000
0
LINE
8
OUTLINE
10
264.540038
20
126.863963
30
0.000000
11
261.749550
21
125.606657
31
0.000000
0
LINE
8
OUTLINE
10
261.749550
20
125.606657
30
0.000000
11
259.069279
21
124.271813
31
0.000000
0
LINE
8
OUTLINE
10
259.069279
20
124.271813
30
0.000000
11
256.505681
21
122.862646
31
0.000000
0
LINE
8
OUTLINE
10
256.505681
20
122.862646
30
0.000000
11
254.064933
21
121.382552
31
0.000000
0
LINE
8
OUTLINE
10
254.064933
20
121.382552
30
0.000000
11
251.752915
21
119.835097
31
0.000000
0
LINE
8
OUTLINE
10
251.752915
20
119.835097
30
0.000000
11
249.575197
21
118.224008
31
0.000000
0
LINE
8
OUTLINE
10
249.575197
20
118.224008
30
0.000000
11
247.537024
21
116.553166
31
0.000000
0
LINE
8
OUTLINE
10
247.537024
20
116.553166
30
0.000000
11
245.643308
21
114.826597
31
0.000000
0
LINE
8
OUTLINE
10
245.643308
20
114.826597
30
0.000000
11
243.898610
21
113.048461
31
0.000000
0
LINE
8
OUTLINE
10
243.898610
20
113.048461
30
0.000000
11
242.307133
21
111.223040
31
0.000000
0
LINE
8
OUTLINE
10
242.307133
20
111.223040
30
0.000000
11
240.872711
21
109.354733
31
0.000000
0
LINE
8
OUTLINE
10
240.872711
20
109.354733
30
0.000000
11
239.598801
21
107.448040
31
0.000000
0
LINE
8
OUTLINE
10
239.598801
20
107.448040
30
0.000000
11
238.488470
21
105.507555
31
0.000000
0
LINE
8
OUTLINE
10
238.488470
20
105.507555
30
0.000000
11
237.544394
21
103.537952
31
0.000000
0
LINE
8
OUTLINE
10
237.544394
20
103.537952
30
0.000000
11
236.768848
21
101.543977
31
0.000000
0
LINE
8
OUTLINE
10
236.768848
20
101.543977
30
0.000000
11
236.163699
21
99.530433
31
0.000000
0
LINE
8
OUTLINE
10
236.163699
20
99.530433
30
0.000000
11
235.730405
21
97.502171
31
0.000000
0
LINE
8
OUTLINE
10
235.730405
20
97.502171
30
0.000000
11
235.470010
21
95.464078
31
0.000000
0
LINE
8
OUTLINE
10
235.470010
20
95.464078
30
0.000000
11
235.383143
21
93.421062
31
0.000000
0
LINE
8
OUTLINE
10
235.383143
20
93.421062
30
0.000000
11
235.470010
21
91.378047
31
0.000000
0
LINE
8
OUTLINE
10
235.470010
20
91.378047
30
0.000000
11
235.730405
21
89.339953
31
0.000000
0
LINE
8
OUTLINE
10
235.730405
20
89.339953
30
0.000000
11
236.163699
21
87.311692
31
0.000000
0
LINE
8
OUTLINE
10
236.163699
20
87.311692
30
0.000000
11
236.768848
21
85.298148
31
0.000000
0
LINE
8
OUTLINE
10
236.768848
20
85.298148
30
0.000000
11
237.544394
21
83.304173
31
0.000000
0
LINE
8
OUTLINE
10
237.544394
20
83.304173
30
0.000000
11
238.488470
21
81.334570
31
0.000000
0
LINE
8
OUTLINE
10
238.488470
20
81.334570
30
0.000000
11
239.598801
21
79.394085
31
0.000000
0
LINE
8
OUTLINE
10
239.598801
20
79.394085
30
0.000000
11
240.872711
21
77.487392
31
0.000000
0
LINE
8
OUTLINE
10
240.872711
20
77.487392
30
0.000000
11
242.307133
21
75.619085
31
0.000000
0
LINE
8
OUTLINE
10
242.307133
20
75.619085
30
0.000000
11
243.898610
21
73.793664
31
0.000000
0
LINE
8
OUTLINE
10
243.898610
20
73.793664
30
0.000000
11
245.643308
21
72.015527
31
0.000000
0
LINE
8
OUTLINE
10
245.643308
20
72.015527
30
0.000000
11
247.537024
21
70.288958
31
0.000000
0
LINE
8
OUTLINE
10
247.537024
20
70.288958
30
0.000000
11
249.575197
21
68.618117
31
0.000000
0
LINE
8
OUTLINE
10
249.575197
20
68.618117
30
0.000000
11
251.752915
21
67.007028
31
0.000000
0
LINE
8
OUTLINE
10
251.752915
20
67.007028
30
0.000000
11
254.064933
21
65.459572
31
0.000000
0
LINE
8
OUTLINE
10
254.064933
20
65.459572
30
0.000000
11
256.505681
21
63.979479
31
0.000000
0
LINE
8
OUTLINE
10
256.505681
20
63.979479
30
0.000000
11
259.069279
21
62.570312
31
0.000000
0
LINE
8
OUTLINE
10
259.069279
20
62.570312
30
0.000000
11
261.749550
21
61.235468
31
0.000000
0
LINE
8
OUTLINE
10
261.749550
20
61.235468
30
0.000000
11
264.540038
21
59.978162
31
0.000000
0
LINE
8
OUTLINE
10
264.540038
20
59.978162
30
0.000000
11
267.434021
21
58.801422
31
0.000000
0
LINE
8
OUTLINE
10
267.434021
20
58.801422
30
0.000000
11
270.424526
21
57.708085
31
0.000000
0
LINE
8
OUTLINE
10
270.424526
20
57.708085
30
0.000000
11
273.504349
21
56.700783
31
0.000000
0
LINE
8
OUTLINE
10
273.504349
20
56.700783
30
0.000000
11
276.666070
21
55.781943
31
0.000000
0
LINE
8
OUTLINE
10
276.666070
20
55.781943
30
0.000000
11
279.902073
21
54.953779
31
0.000000
0
LINE
8
OUTLINE
10
279.902073
20
54.953779
30
0.000000
11
283.204562
21
54.218287
31
0.000000
0
LINE
8
OUTLINE
10
283.204562
20
54.218287
30
0.000000
11
286.565581
21
53.577237
31
0.000000
0
LINE
8
OUTLINE
10
286.565581
20
53.577237
30
0.000000
11
293.430699
21
52.584413
31
0.000000
0
LINE
8
OUTLINE
10
293.430699
20
52.584413
30
0.000000
11
300.431312
21
51.984867
31
0.000000
0
LINE
8
OUTLINE
10
300.431312
20
51.984867
30
0.000000
11
307.500000
21
51.784375
31
0.000000
0
LINE
8
OUTLINE
10
307.500000
20
51.784375
30
0.000000
11
314.568688
21
51.984867
31
0.000000
0
LINE
8
OUTLINE
10
314.568688
20
51.984867
30
0.000000
11
321.569301
21
52.584413
31
0.000000
0
LINE
8
OUTLINE
10
321.569301
20
52.584413
30
0.000000
11
328.434419
21
53.577237
31
0.000000
0
LINE
8
OUTLINE
10
328.434419
20
53.577237
30
0.000000
11
331.795438
21
54.218287
31
0.000000
0
LINE
8
OUTLINE
10
331.795438
20
54.218287
30
0.000000
11
335.097927
21
54.953779
31
0.000000
0
LINE
8
OUTLINE
10
335.097927
20
54.953779
30
0.000000
11
338.333930
21
55.781943
31
0.000000
0
LINE
8
OUTLINE
10
338.333930
20
55.781943
30
0.000000
11
341.495651
21
56.700783
31
0.000000
0
LINE
8
OUTLINE
10
341.495651
20
56.700783
30
0.000000
11
344.575474
21
57.708085
31
0.000000
0
LINE
8
OUTLINE
10
344.575474
20
57.708085
30
0.000000
11
347.565979
21
58.801422
31
0.000000
0
LINE
8
OUTLINE
10
347.565979
20
58.801422
30
0.000000
11
350.459962
21
59.978162
31
0.000000
0
LINE
8
OUTLINE
10
350.459962
20
59.978162
30
0.000000
11
353.250450
21
61.235468
31
0.000000
0
LINE
8
OUTLINE
10
353.250450
20
61.235468
30
0.000000
11
355.930721
21
62.570312
31
0.000000
0
LINE
8
OUTLINE
10
355.930721
20
62.570312
30
0.000000
11
358.494319
21
63.979479
31
0.000000
0
LINE
8
HIDDEN
10
384.768062
20
76.597300
30
0.000000
11
384.674989
21
78.786245
31
0.000000
0
LINE
8
HIDDEN
10
384.674989
20
78.786245
30
0.000000
11
384.395995
21
80.969917
31
0.000000
0
LINE
8
HIDDEN
10
384.395995
20
80.969917
30
0.000000
11
383.931751
21
83.143055
31
0.000000
0
LINE
8
HIDDEN
10
383.931751
20
83.143055
30
0.000000
11
383.283377
21
85.300423
31
0.000000
0
LINE
8
HIDDEN
10
383.283377
20
85.300423
30
0.000000
11
382.452435
21
87.436825
31
0.000000
0
LINE
8
HIDDEN
10
382.452435
20
87.436825
30
0.000000
11
381.440925
21
89.547113
31
0.000000
0
LINE
8
HIDDEN
10
381.440925
20
89.547113
30
0.000000
11
380.251285
21
91.626205
31
0.000000
0
LINE
8
HIDDEN
10
380.251285
20
91.626205
30
0.000000
11
378.886381
21
93.669090
31
0.000000
0
LINE
8
HIDDEN
10
378.886381
20
93.669090
30
0.000000
11
377.349500
21
95.670848
31
0.000000
0
LINE
8
HIDDEN
10
377.349500
20
95.670848
30
0.000000
11
375.644347
21
97.626656
31
0.000000
0
LINE
8
HIDDEN
10
375.644347
20
97.626656
30
0.000000
11
373.775027
21
99.531802
31
0.000000
0
LINE
8
HIDDEN
10
373.775027
20
99.531802
30
0.000000
11
371.746045
21
101.381697
31
0.000000
0
LINE
8
HIDDEN
10
371.746045
20
101.381697
30
0.000000
11
369.562289
21
103.171885
31
0.000000
0
LINE
8
HIDDEN
10
369.562289
20
103.171885
30
0.000000
11
367.229019
21
104.898052
31
0.000000
0
LINE
8
HIDDEN
10
367.229019
20
104.898052
30
0.000000
11
364.751857
21
106.556040
31
0.000000
0
LINE
8
HIDDEN
10
364.751857
20
106.556040
30
0.000000
11
362.136770
21
108.141854
31
0.000000
0
LINE
8
HIDDEN
10
362.136770
20
108.141854
30
0.000000
11
359.390059
21
109.651675
31
0.000000
0
LINE
8
HIDDEN
10
359.390059
20
109.651675
30
0.000000
11
356.518339
21
111.081866
31
0.000000
0
LINE
8
HIDDEN
10
356.518339
20
111.081866
30
0.000000
11
353.528531
21
112.428979
31
0.000000
0
LINE
8
HIDDEN
10
353.528531
20
112.428979
30
0.000000
11
350.427835
21
113.689772
31
0.000000
0
LINE
8
HIDDEN
10
350.427835
20
113.689772
30
0.000000
11
347.223722
21
114.861205
31
0.000000
0
LINE
8
HIDDEN
10
347.223722
20
114.861205
30
0.000000
11
343.923912
21
115.940457
31
0.000000
0
LINE
8
HIDDEN
10
343.923912
20
115.940457
30
0.000000
11
340.536353
21
116.924928
31
0.000000
0
LINE
8
HIDDEN
10
340.536353
20
116.924928
30
0.000000
11
337.069207
21
117.812246
31
0.000000
0
LINE
8
HIDDEN
10
337.069207
20
117.812246
30
0.000000
11
333.530826
21
118.600274
31
0.000000
0
LINE
8
HIDDEN
10
333.530826
20
118.600274
30
0.000000
11
329.929734
21
119.287113
31
0.000000
0
LINE
8
HIDDEN
10
329.929734
20
119.287113
30
0.000000
11
326.274608
21
119.871109
31
0.000000
0
LINE
8
HIDDEN
10
326.274608
20
119.871109
30
0.000000
11
322.574251
21
120.350854
31
0.000000
0
LINE
8
HIDDEN
10
322.574251
20
120.350854
30
0.000000
11
318.837579
21
120.725193
31
0.000000
0
LINE
8
HIDDEN
10
318.837579
20
120.725193
30
0.000000
11
315.073594
21
120.993223
31
0.000000
0
LINE
8
HIDDEN
10
315.073594
20
120.993223
30
0.000000
11
311.291364
21
121.154301
31
0.000000
0
LINE
8
HIDDEN
10
311.291364
20
121.154301
30
0.000000
11
307.500000
21
121.208036
31
0.000000
0
LINE
8
HIDDEN
10
307.500000
20
121.208036
30
0.000000
11
303.708636
21
121.154301
31
0.000000
0
LINE
8
HIDDEN
10
303.708636
20
121.154301
30
0.000000
11
299.926406
21
120.993223
31
0.000000
0
LINE
8
HIDDEN
10
299.926406
20
120.993223
30
0.000000
11
296.162421
21
120.725193
31
0.000000
0
LINE
8
HIDDEN
10
296.162421
20
120.725193
30
0.000000
11
292.425749
21
120.350854
31
0.000000
0
LINE
8
HIDDEN
10
292.425749
20
120.350854
30
0.000000
11
288.725392
21
119.871109
31
0.000000
0
LINE
8
HIDDEN
10
288.725392
20
119.871109
30
0.000000
11
285.070266
21
119.287113
31
0.000000
0
LINE
8
HIDDEN
10
285.070266
20
119.287113
30
0.000000
11
281.469174
21
118.600274
31
0.000000
0
LINE
8
HIDDEN
10
281.469174
20
118.600274
30
0.000000
11
277.930793
21
117.812246
31
0.000000
0
LINE
8
HIDDEN
10
277.930793
20
117.812246
30
0.000000
11
274.463647
21
116.924928
31
0.000000
0
LINE
8
HIDDEN
10
274.463647
20
116.924928
30
0.000000
11
271.076088
21
115.940457
31
0.000000
0
LINE
8
HIDDEN
10
271.076088
20
115.940457
30
0.000000
11
267.776278
21
114.861205
31
0.000000
0
LINE
8
HIDDEN
10
267.776278
20
114.861205
30
0.000000
11
264.572165
21
113.689772
31
0.000000
0
LINE
8
HIDDEN
10
264.572165
20
113.689772
30
0.000000
11
261.471469
21
112.428979
31
0.000000
0
LINE
8
HIDDEN
10
261.471469
20
112.428979
30
0.000000
11
258.481661
21
111.081866
31
0.000000
0
LINE
8
HIDDEN
10
258.481661
20
111.081866
30
0.000000
11
255.609941
21
109.651675
31
0.000000
0
LINE
8
HIDDEN
10
255.609941
20
109.651675
30
0.000000
11
252.863230
21
108.141854
31
0.000000
0
LINE
8
HIDDEN
10
252.863230
20
108.141854
30
0.000000
11
250.248143
21
106.556040
31
0.000000
0
LINE
8
HIDDEN
10
250.248143
20
106.556040
30
0.000000
11
247.770981
21
104.898052
31
0.000000
0
LINE
8
HIDDEN
10
247.770981
20
104.898052
30
0.000000
11
245.437711
21
103.171885
31
0.000000
0
LINE
8
HIDDEN
10
245.437711
20
103.171885
30
0.000000
11
243.253955
21
101.381697
31
0.000000
0
LINE
8
HIDDEN
10
243.253955
20
101.381697
30
0.000000
11
241.224973
21
99.531802
31
0.000000
0
LINE
8
HIDDEN
10
241.224973
20
99.531802
30
0.000000
11
239.355653
21
97.626656
31
0.000000
0
LINE
8
HIDDEN
10
239.355653
20
97.626656
30
0.000000
11
237.650500
21
95.670848
31
0.000000
0
LINE
8
HIDDEN
10
237.650500
20
95.670848
30
0.000000
11
236.113619
21
93.669090
31
0.000000
0
LINE
8
HIDDEN
10
236.113619
20
93.669090
30
0.000000
11
234.748715
21
91.626205
31
0.000000
0
LINE
8
HIDDEN
10
234.748715
20
91.626205
30
0.000000
11
233.559075
21
89.547113
31
0.000000
0
LINE
8
HIDDEN
10
233.559075
20
89.547113
30
0.000000
11
232.547565
21
87.436825
31
0.000000
0
LINE
8
HIDDEN
10
232.547565
20
87.436825
30
0.000000
11
231.716623
21
85.300423
31
0.000000
0
LINE
8
HIDDEN
10
231.716623
20
85.300423
30
0.000000
11
231.068249
21
83.143055
31
0.000000
0
LINE
8
HIDDEN
10
231.068249
20
83.143055
30
0.000000
11
230.604005
21
80.969917
31
0.000000
0
LINE
8
HIDDEN
10
230.604005
20
80.969917
30
0.000000
11
230.325011
21
78.786245
31
0.000000
0
LINE
8
HIDDEN
10
230.325011
20
78.786245
30
0.000000
11
230.231938
21
76.597300
31
0.000000
0
LINE
8
HIDDEN
10
257.211045
20
72.917102
30
0.000000
11
258.332127
21
73.705787
31
0.000000
0
LINE
8
HIDDEN
10
258.332127
20
73.705787
30
0.000000
11
259.165166
21
74.605591
31
0.000000
0
LINE
8
HIDDEN
10
259.165166
20
74.605591
30
0.000000
11
259.678149
21
75.581936
31
0.000000
0
LINE
8
HIDDEN
10
259.678149
20
75.581936
30
0.000000
11
259.851362
21
76.597300
31
0.000000
0
LINE
8
HIDDEN
10
259.851362
20
76.597300
30
0.000000
11
259.678149
21
77.612665
31
0.000000
0
LINE
8
HIDDEN
10
259.678149
20
77.612665
30
0.000000
11
259.165166
21
78.589009
31
0.000000
0
LINE
8
HIDDEN
10
259.165166
20
78.589009
30
0.000000
11
258.332127
21
79.488813
31
0.000000
0
LINE
8
HIDDEN
10
258.332127
20
79.488813
30
0.000000
11
257.211045
21
80.277498
31
0.000000
0
LINE
8
HIDDEN
10
257.211045
20
80.277498
30
0.000000
11
255.845002
21
80.924755
31
0.000000
0
LINE
8
HIDDEN
10
255.845002
20
80.924755
30
0.000000
11
254.286496
21
81.405711
31
0.000000
0
LINE
8
HIDDEN
10
254.286496
20
81.405711
30
0.000000
11
252.595417
21
81.701881
31
0.000000
0
LINE
8
HIDDEN
10
252.595417
20
81.701881
30
0.000000
11
250.836755
21
81.801886
31
0.000000
0
LINE
8
HIDDEN
10
250.836755
20
81.801886
30
0.000000
11
249.078092
21
81.701881
31
0.000000
0
LINE
8
HIDDEN
10
249.078092
20
81.701881
30
0.000000
11
247.387014
21
81.405711
31
0.000000
0
LINE
8
HIDDEN
10
247.387014
20
81.405711
30
0.000000
11
245.828507
21
80.924755
31
0.000000
0
LINE
8
HIDDEN
10
245.828507
20
80.924755
30
0.000000
11
244.462465
21
80.277498
31
0.000000
0
LINE
8
HIDDEN
10
244.462465
20
80.277498
30
0.000000
11
243.341383
21
79.488813
31
0.000000
0
LINE
8
HIDDEN
10
243.341383
20
79.488813
30
0.000000
11
242.508344
21
78.589009
31
0.000000
0
LINE
8
HIDDEN
10
242.508344
20
78.589009
30
0.000000
11
241.995361
21
77.612665
31
0.000000
0
LINE
8
HIDDEN
10
241.995361
20
77.612665
30
0.000000
11
241.822148
21
76.597300
31
0.000000
0
LINE
8
HIDDEN
10
241.822148
20
76.597300
30
0.000000
11
241.919717
21
75.833629
31
0.000000
0
LINE
8
HIDDEN
10
241.919717
20
75.833629
30
0.000000
11
242.210314
21
75.086489
31
0.000000
0
LINE
8
HIDDEN
10
242.210314
20
75.086489
30
0.000000
11
242.687646
21
74.372053
31
0.000000
0
LINE
8
HIDDEN
10
242.687646
20
74.372053
30
0.000000
11
243.341383
21
73.705787
31
0.000000
0
LINE
8
HIDDEN
10
243.341383
20
73.705787
30
0.000000
11
244.157372
21
73.102114
31
0.000000
0
LINE
8
HIDDEN
10
244.157372
20
73.102114
30
0.000000
11
245.117949
21
72.574101
31
0.000000
0
LINE
8
HIDDEN
10
245.117949
20
72.574101
30
0.000000
11
246.202321
21
72.133178
31
0.000000
0
LINE
8
HIDDEN
10
246.202321
20
72.133178
30
0.000000
11
247.387014
21
71.788890
31
0.000000
0
LINE
8
HIDDEN
10
247.387014
20
71.788890
30
0.000000
11
248.646384
21
71.548689
31
0.000000
0
LINE
8
HIDDEN
10
248.646384
20
71.548689
30
0.000000
11
249.953169
21
71.417776
31
0.000000
0
LINE
8
HIDDEN
10
249.953169
20
71.417776
30
0.000000
11
251.279081
21
71.398983
31
0.000000
0
LINE
8
HIDDEN
10
251.279081
20
71.398983
30
0.000000
11
252.595417
21
71.492719
31
0.000000
0
LINE
8
HIDDEN
10
252.595417
20
71.492719
30
0.000000
11
253.873685
21
71.696953
31
0.000000
0
LINE
8
HIDDEN
10
253.873685
20
71.696953
30
0.000000
11
255.086211
21
72.007265
31
0.000000
0
LINE
8
HIDDEN
10
255.086211
20
72.007265
30
0.000000
11
256.206750
21
72.416938
31
0.000000
0
LINE
8
HIDDEN
10
256.206750
20
72.416938
30
0.000000
11
257.211045
21
72.917102
31
0.000000
0
LINE
8
HIDDEN
10
313.874290
20
40.202562
30
0.000000
11
314.995372
21
40.991247
31
0.000000
0
LINE
8
HIDDEN
10
314.995372
20
40.991247
30
0.000000
11
315.828411
21
41.891052
31
0.000000
0
LINE
8
HIDDEN
10
315.828411
20
41.891052
30
0.000000
11
316.341394
21
42.867396
31
0.000000
0
LINE
8
HIDDEN
10
316.341394
20
42.867396
30
0.000000
11
316.514607
21
43.882760
31
0.000000
0
LINE
8
HIDDEN
10
316.514607
20
43.882760
30
0.000000
11
316.341394
21
44.898125
31
0.000000
0
LINE
8
HIDDEN
10
316.341394
20
44.898125
30
0.000000
11
315.828411
21
45.874469
31
0.000000
0
LINE
8
HIDDEN
10
315.828411
20
45.874469
30
0.000000
11
314.995372
21
46.774273
31
0.000000
0
LINE
8
HIDDEN
10
314.995372
20
46.774273
30
0.000000
11
313.874290
21
47.562958
31
0.000000
0
LINE
8
HIDDEN
10
313.874290
20
47.562958
30
0.000000
11
312.508247
21
48.210215
31
0.000000
0
LINE
8
HIDDEN
10
312.508247
20
48.210215
30
0.000000
11
310.949741
21
48.691171
31
0.000000
0
LINE
8
HIDDEN
10
310.949741
20
48.691171
30
0.000000
11
309.258663
21
48.987342
31
0.000000
0
LINE
8
HIDDEN
10
309.258663
20
48.987342
30
0.000000
11
307.500000
21
49.087346
31
0.000000
0
LINE
8
HIDDEN
10
307.500000
20
49.087346
30
0.000000
11
305.741337
21
48.987342
31
0.000000
0
LINE
8
HIDDEN
10
305.741337
20
48.987342
30
0.000000
11
304.050259
21
48.691171
31
0.000000
0
LINE
8
HIDDEN
10
304.050259
20
48.691171
30
0.000000
11
302.491753
21
48.210215
31
0.000000
0
LINE
8
HIDDEN
10
302.491753
20
48.210215
30
0.000000
11
301.125710
21
47.562958
31
0.000000
0
LINE
8
HIDDEN
10
301.125710
20
47.562958
30
0.000000
11
300.004628
21
46.774273
31
0.000000
0
LINE
8
HIDDEN
10
300.004628
20
46.774273
30
0.000000
11
299.171589
21
45.874469
31
0.000000
0
LINE
8
HIDDEN
10
299.171589
20
45.874469
30
0.000000
11
298.658606
21
44.898125
31
0.000000
0
LINE
8
HIDDEN
10
298.658606
20
44.898125
30
0.000000
11
298.485393
21
43.882760
31
0.000000
0
LINE
8
HIDDEN
10
298.485393
20
43.882760
30
0.000000
11
298.582962
21
43.119089
31
0.000000
0
LINE
8
HIDDEN
10
298.582962
20
43.119089
30
0.000000
11
298.873559
21
42.371949
31
0.000000
0
LINE
8
HIDDEN
10
298.873559
20
42.371949
30
0.000000
11
299.350892
21
41.657513
31
0.000000
0
LINE
8
HIDDEN
10
299.350892
20
41.657513
30
0.000000
11
300.004628
21
40.991247
31
0.000000
0
LINE
8
HIDDEN
10
300.004628
20
40.991247
30
0.000000
11
300.820617
21
40.387574
31
0.000000
0
LINE
8
HIDDEN
10
300.820617
20
40.387574
30
0.000000
11
301.781194
21
39.859561
31
0.000000
0
LINE
8
HIDDEN
10
301.781194
20
39.859561
30
0.000000
11
302.865566
21
39.418638
31
0.000000
0
LINE
8
HIDDEN
10
302.865566
20
39.418638
30
0.000000
11
304.050259
21
39.074350
31
0.000000
0
LINE
8
HIDDEN
10
304.050259
20
39.074350
30
0.000000
11
305.309629
21
38.834149
31
0.000000
0
LINE
8
HIDDEN
10
305.309629
20
38.834149
30
0.000000
11
306.616414
21
38.703236
31
0.000000
0
LINE
8
HIDDEN
10
306.616414
20
38.703236
30
0.000000
11
307.942326
21
38.684444
31
0.000000
0
LINE
8
HIDDEN
10
307.942326
20
38.684444
30
0.000000
11
309.258663
21
38.778179
31
0.000000
0
LINE
8
HIDDEN
10
309.258663
20
38.778179
30
0.000000
11
310.536930
21
38.982413
31
0.000000
0
LINE
8
HIDDEN
10
310.536930
20
38.982413
30
0.000000
11
311.749456
21
39.292725
31
0.000000
0
LINE
8
HIDDEN
10
311.749456
20
39.292725
30
0.000000
11
312.869995
21
39.702398
31
0.000000
0
LINE
8
HIDDEN
10
312.869995
20
39.702398
30
0.000000
11
313.874290
21
40.202562
31
0.000000
0
LINE
8
HIDDEN
10
313.874290
20
105.631642
30
0.000000
11
314.995372
21
106.420327
31
0.000000
0
LINE
8
HIDDEN
10
314.995372
20
106.420327
30
0.000000
11
315.828411
21
107.320131
31
0.000000
0
LINE
8
HIDDEN
10
315.828411
20
107.320131
30
0.000000
11
316.341394
21
108.296476
31
0.000000
0
LINE
8
HIDDEN
10
316.341394
20
108.296476
30
0.000000
11
316.514607
21
109.311840
31
0.000000
0
LINE
8
HIDDEN
10
316.514607
20
109.311840
30
0.000000
11
316.341394
21
110.327204
31
0.000000
0
LINE
8
HIDDEN
10
316.341394
20
110.327204
30
0.000000
11
315.828411
21
111.303549
31
0.000000
0
LINE
8
HIDDEN
10
315.828411
20
111.303549
30
0.000000
11
314.995372
21
112.203353
31
0.000000
0
LINE
8
HIDDEN
10
314.995372
20
112.203353
30
0.000000
11
313.874290
21
112.992038
31
0.000000
0
LINE
8
HIDDEN
10
313.874290
20
112.992038
30
0.000000
11
312.508247
21
113.639295
31
0.000000
0
LINE
8
HIDDEN
10
312.508247
20
113.639295
30
0.000000
11
310.949741
21
114.120250
31
0.000000
0
LINE
8
HIDDEN
10
310.949741
20
114.120250
30
0.000000
11
309.258663
21
114.416421
31
0.000000
0
LINE
8
HIDDEN
10
309.258663
20
114.416421
30
0.000000
11
307.500000
21
114.516426
31
0.000000
0
LINE
8
HIDDEN
10
307.500000
20
114.516426
30
0.000000
11
305.741337
21
114.416421
31
0.000000
0
LINE
8
HIDDEN
10
305.741337
20
114.416421
30
0.000000
11
304.050259
21
114.120250
31
0.000000
0
LINE
8
HIDDEN
10
304.050259
20
114.120250
30
0.000000
11
302.491753
21
113.639295
31
0.000000
0
LINE
8
HIDDEN
10
302.491753
20
113.639295
30
0.000000
11
301.125710
21
112.992038
31
0.000000
0
LINE
8
HIDDEN
10
301.125710
20
112.992038
30
0.000000
11
300.004628
21
112.203353
31
0.000000
0
LINE
8
HIDDEN
10
300.004628
20
112.203353
30
0.000000
11
299.171589
21
111.303549
31
0.000000
0
LINE
8
HIDDEN
10
299.171589
20
111.303549
30
0.000000
11
298.658606
21
110.327204
31
0.000000
0
LINE
8
HIDDEN
10
298.658606
20
110.327204
30
0.000000
11
298.485393
21
109.311840
31
0.000000
0
LINE
8
HIDDEN
10
298.485393
20
109.311840
30
0.000000
11
298.582962
21
108.548169
31
0.000000
0
LINE
8
HIDDEN
10
298.582962
20
108.548169
30
0.000000
11
298.873559
21
107.801029
31
0.000000
0
LINE
8
HIDDEN
10
298.873559
20
107.801029
30
0.000000
11
299.350892
21
107.086593
31
0.000000
0
LINE
8
HIDDEN
10
299.350892
20
107.086593
30
0.000000
11
300.004628
21
106.420327
31
0.000000
0
LINE
8
HIDDEN
10
300.004628
20
106.420327
30
0.000000
11
300.820617
21
105.816654
31
0.000000
0
LINE
8
HIDDEN
10
300.820617
20
105.816654
30
0.000000
11
301.781194
21
105.288641
31
0.000000
0
LINE
8
HIDDEN
10
301.781194
20
105.288641
30
0.000000
11
302.865566
21
104.847718
31
0.000000
0
LINE
8
HIDDEN
10
302.865566
20
104.847718
30
0.000000
11
304.050259
21
104.503430
31
0.000000
0
LINE
8
HIDDEN
10
304.050259
20
104.503430
30
0.000000
11
305.309629
21
104.263229
31
0.000000
0
LINE
8
HIDDEN
10
305.309629
20
104.263229
30
0.000000
11
306.616414
21
104.132316
31
0.000000
0
LINE
8
HIDDEN
10
306.616414
20
104.132316
30
0.000000
11
307.942326
21
104.113523
31
0.000000
0
LINE
8
HIDDEN
10
307.942326
20
104.113523
30
0.000000
11
309.258663
21
104.207259
31
0.000000
0
LINE
8
HIDDEN
10
309.258663
20
104.207259
30
0.000000
11
310.536930
21
104.411493
31
0.000000
0
LINE
8
HIDDEN
10
310.536930
20
104.411493
30
0.000000
11
311.749456
21
104.721805
31
0.000000
0
LINE
8
HIDDEN
10
311.749456
20
104.721805
30
0.000000
11
312.869995
21
105.131477
31
0.000000
0
LINE
8
HIDDEN
10
312.869995
20
105.131477
30
0.000000
11
313.874290
21
105.631642
31
0.000000
0
LINE
8
HIDDEN
10
325.712257
20
66.082449
30
0.000000
11
327.409673
21
67.163716
31
0.000000
0
LINE
8
HIDDEN
10
327.409673
20
67.163716
30
0.000000
11
328.915348
21
68.335835
31
0.000000
0
LINE
8
HIDDEN
10
328.915348
20
68.335835
30
0.000000
11
330.214782
21
69.587515
31
0.000000
0
LINE
8
HIDDEN
10
330.214782
20
69.587515
30
0.000000
11
331.295460
21
70.906704
31
0.000000
0
LINE
8
HIDDEN
10
331.295460
20
70.906704
30
0.000000
11
332.146975
21
72.280696
31
0.000000
0
LINE
8
HIDDEN
10
332.146975
20
72.280696
30
0.000000
11
332.761126
21
73.696259
31
0.000000
0
LINE
8
HIDDEN
10
332.761126
20
73.696259
30
0.000000
11
333.131998
21
75.139761
31
0.000000
0
LINE
8
HIDDEN
10
333.131998
20
75.139761
30
0.000000
11
333.256021
21
76.597300
31
0.000000
0
LINE
8
HIDDEN
10
333.256021
20
76.597300
30
0.000000
11
333.183310
21
77.713867
31
0.000000
0
LINE
8
HIDDEN
10
333.183310
20
77.713867
30
0.000000
11
332.965590
21
78.824129
31
0.000000
0
LINE
8
HIDDEN
10
332.965590
20
78.824129
30
0.000000
11
332.604090
21
79.921818
31
0.000000
0
LINE
8
HIDDEN
10
332.604090
20
79.921818
30
0.000000
11
332.100850
21
81.000737
31
0.000000
0
LINE
8
HIDDEN
10
332.100850
20
81.000737
30
0.000000
11
331.458712
21
82.054794
31
0.000000
0
LINE
8
HIDDEN
10
331.458712
20
82.054794
30
0.000000
11
330.681301
21
83.078037
31
0.000000
0
LINE
8
HIDDEN
10
330.681301
20
83.078037
30
0.000000
11
329.773007
21
84.064690
31
0.000000
0
LINE
8
HIDDEN
10
329.773007
20
84.064690
30
0.000000
11
328.738959
21
85.009181
31
0.000000
0
LINE
8
HIDDEN
10
286.261041
20
85.009181
30
0.000000
11
285.226993
21
84.064690
31
0.000000
0
LINE
8
HIDDEN
10
285.226993
20
84.064690
30
0.000000
11
284.318699
21
83.078037
31
0.000000
0
LINE
8
HIDDEN
10
284.318699
20
83.078037
30
0.000000
11
283.541288
21
82.054794
31
0.000000
0
LINE
8
HIDDEN
10
283.541288
20
82.054794
30
0.000000
11
282.899150
21
81.000737
31
0.000000
0
LINE
8
HIDDEN
10
282.899150
20
81.000737
30
0.000000
11
282.395910
21
79.921818
31
0.000000
0
LINE
8
HIDDEN
10
282.395910
20
79.921818
30
0.000000
11
282.034410
21
78.824129
31
0.000000
0
LINE
8
HIDDEN
10
282.034410
20
78.824129
30
0.000000
11
281.816690
21
77.713867
31
0.000000
0
LINE
8
HIDDEN
10
281.816690
20
77.713867
30
0.000000
11
281.743979
21
76.597300
31
0.000000
0
LINE
8
HIDDEN
10
281.743979
20
76.597300
30
0.000000
11
281.813767
21
75.503377
31
0.000000
0
LINE
8
HIDDEN
10
281.813767
20
75.503377
30
0.000000
11
282.022750
21
74.415382
31
0.000000
0
LINE
8
HIDDEN
10
282.022750
20
74.415382
30
0.000000
11
282.369796
21
73.339211
31
0.000000
0
LINE
8
HIDDEN
10
282.369796
20
73.339211
30
0.000000
11
282.853025
21
72.280696
31
0.000000
0
LINE
8
HIDDEN
10
282.853025
20
72.280696
30
0.000000
11
283.469818
21
71.245573
31
0.000000
0
LINE
8
HIDDEN
10
283.469818
20
71.245573
30
0.000000
11
284.216833
21
70.239451
31
0.000000
0
LINE
8
HIDDEN
10
284.216833
20
70.239451
30
0.000000
11
285.090022
21
69.267783
31
0.000000
0
LINE
8
HIDDEN
10
285.090022
20
69.267783
30
0.000000
11
286.084652
21
68.335835
31
0.000000
0
LINE
8
HIDDEN
10
286.084652
20
68.335835
30
0.000000
11
287.195333
21
67.448656
31
0.000000
0
LINE
8
HIDDEN
10
287.195333
20
67.448656
30
0.000000
11
288.416048
21
66.611054
31
0.000000
0
LINE
8
HIDDEN
10
288.416048
20
66.611054
30
0.000000
11
291.160554
21
65.102445
31
0.000000
0
LINE
8
HIDDEN
10
291.160554
20
65.102445
30
0.000000
11
294.258759
21
63.842665
31
0.000000
0
LINE
8
HIDDEN
10
294.258759
20
63.842665
30
0.000000
11
297.643598
21
62.858985
31
0.000000
0
LINE
8
HIDDEN
10
297.643598
20
62.858985
30
0.000000
11
301.241797
21
62.172697
31
0.000000
0
LINE
8
HIDDEN
10
301.241797
20
62.172697
30
0.000000
11
304.975469
21
61.798659
31
0.000000
0
LINE
8
HIDDEN
10
304.975469
20
61.798659
30
0.000000
11
308.763788
21
61.744967
31
0.000000
0
LINE
8
HIDDEN
10
308.763788
20
61.744967
30
0.000000
11
312.524750
21
62.012782
31
0.000000
0
LINE
8
HIDDEN
10
312.524750
20
62.012782
30
0.000000
11
316.176942
21
62.596309
31
0.000000
0
LINE
8
HIDDEN
10
316.176942
20
62.596309
30
0.000000
11
319.641304
21
63.482915
31
0.000000
0
LINE
8
HIDDEN
10
319.641304
20
63.482915
30
0.000000
11
322.842844
21
64.653407
31
0.000000
0
LINE
8
HIDDEN
10
322.842844
20
64.653407
30
0.000000
11
325.712257
21
66.082449
31
0.000000
0
LINE
8
HIDDEN
10
370.537535
20
72.917102
30
0.000000
11
371.658617
21
73.705787
31
0.000000
0
LINE
8
HIDDEN
10
371.658617
20
73.705787
30
0.000000
11
372.491656
21
74.605591
31
0.000000
0
LINE
8
HIDDEN
10
372.491656
20
74.605591
30
0.000000
11
373.004639
21
75.581936
31
0.000000
0
LINE
8
HIDDEN
10
373.004639
20
75.581936
30
0.000000
11
373.177852
21
76.597300
31
0.000000
0
LINE
8
HIDDEN
10
373.177852
20
76.597300
30
0.000000
11
373.004639
21
77.612665
31
0.000000
0
LINE
8
HIDDEN
10
373.004639
20
77.612665
30
0.000000
11
372.491656
21
78.589009
31
0.000000
0
LINE
8
HIDDEN
10
372.491656
20
78.589009
30
0.000000
11
371.658617
21
79.488813
31
0.000000
0
LINE
8
HIDDEN
10
371.658617
20
79.488813
30
0.000000
11
370.537535
21
80.277498
31
0.000000
0
LINE
8
HIDDEN
10
370.537535
20
80.277498
30
0.000000
11
369.171493
21
80.924755
31
0.000000
0
LINE
8
HIDDEN
10
369.171493
20
80.924755
30
0.000000
11
367.612986
21
81.405711
31
0.000000
0
LINE
8
HIDDEN
10
367.612986
20
81.405711
30
0.000000
11
365.921908
21
81.701881
31
0.000000
0
LINE
8
HIDDEN
10
365.921908
20
81.701881
30
0.000000
11
364.163245
21
81.801886
31
0.000000
0
LINE
8
HIDDEN
10
364.163245
20
81.801886
30
0.000000
11
362.404583
21
81.701881
31
0.000000
0
LINE
8
HIDDEN
10
362.404583
20
81.701881
30
0.000000
11
360.713504
21
81.405711
31
0.000000
0
LINE
8
HIDDEN
10
360.713504
20
81.405711
30
0.000000
11
359.154998
21
80.924755
31
0.000000
0
LINE
8
HIDDEN
10
359.154998
20
80.924755
30
0.000000
11
357.788955
21
80.277498
31
0.000000
0
LINE
8
HIDDEN
10
357.788955
20
80.277498
30
0.000000
11
356.667873
21
79.488813
31
0.000000
0
LINE
8
HIDDEN
10
356.667873
20
79.488813
30
0.000000
11
355.834834
21
78.589009
31
0.000000
0
LINE
8
HIDDEN
10
355.834834
20
78.589009
30
0.000000
11
355.321851
21
77.612665
31
0.000000
0
LINE
8
HIDDEN
10
355.321851
20
77.612665
30
0.000000
11
355.148638
21
76.597300
31
0.000000
0
LINE
8
HIDDEN
10
355.148638
20
76.597300
30
0.000000
11
355.246207
21
75.833629
31
0.000000
0
LINE
8
HIDDEN
10
355.246207
20
75.833629
30
0.000000
11
355.536804
21
75.086489
31
0.000000
0
LINE
8
HIDDEN
10
355.536804
20
75.086489
30
0.000000
11
356.014137
21
74.372053
31
0.000000
0
LINE
8
HIDDEN
10
356.014137
20
74.372053
30
0.000000
11
356.667873
21
73.705787
31
0.000000
0
LINE
8
HIDDEN
10
356.667873
20
73.705787
30
0.000000
11
357.483862
21
73.102114
31
0.000000
0
LINE
8
HIDDEN
10
357.483862
20
73.102114
30
0.000000
11
358.444439
21
72.574101
31
0.000000
0
LINE
8
HIDDEN
10
358.444439
20
72.574101
30
0.000000
11
359.528811
21
72.133178
31
0.000000
0
LINE
8
HIDDEN
10
359.528811
20
72.133178
30
0.000000
11
360.713504
21
71.788890
31
0.000000
0
LINE
8
HIDDEN
10
360.713504
20
71.788890
30
0.000000
11
361.972874
21
71.548689
31
0.000000
0
LINE
8
HIDDEN
10
361.972874
20
71.548689
30
0.000000
11
363.279659
21
71.417776
31
0.000000
0
LINE
8
HIDDEN
10
363.279659
20
71.417776
30
0.000000
11
364.605571
21
71.398983
31
0.000000
0
LINE
8
HIDDEN
10
364.605571
20
71.398983
30
0.000000
11
365.921908
21
71.492719
31
0.000000
0
LINE
8
HIDDEN
10
365.921908
20
71.492719
30
0.000000
11
367.200175
21
71.696953
31
0.000000
0
LINE
8
HIDDEN
10
367.200175
20
71.696953
30
0.000000
11
368.412702
21
72.007265
31
0.000000
0
LINE
8
HIDDEN
10
368.412702
20
72.007265
30
0.000000
11
369.533240
21
72.416938
31
0.000000
0
LINE
8
HIDDEN
10
369.533240
20
72.416938
30
0.000000
11
370.537535
21
72.917102
31
0.000000
0
LINE
8
HIDDEN
10
241.822148
20
93.421062
30
0.000000
11
241.822148
21
76.597300
31
0.000000
0
LINE
8
HIDDEN
10
259.851362
20
93.421062
30
0.000000
11
259.851362
21
76.597300
31
0.000000
0
LINE
8
HIDDEN
10
298.485393
20
60.706523
30
0.000000
11
298.485393
21
43.882760
31
0.000000
0
LINE
8
HIDDEN
10
316.514607
20
60.706523
30
0.000000
11
316.514607
21
43.882760
31
0.000000
0
LINE
8
HIDDEN
10
298.485393
20
126.135602
30
0.000000
11
298.485393
21
109.311840
31
0.000000
0
LINE
8
HIDDEN
10
316.514607
20
126.135602
30
0.000000
11
316.514607
21
109.311840
31
0.000000
0
LINE
8
HIDDEN
10
281.743979
20
93.421062
30
0.000000
11
281.743979
21
76.597300
31
0.000000
0
LINE
8
HIDDEN
10
333.256021
20
93.421062
30
0.000000
11
333.256021
21
76.597300
31
0.000000
0
LINE
8
HIDDEN
10
355.148638
20
93.421062
30
0.000000
11
355.148638
21
76.597300
31
0.000000
0
LINE
8
HIDDEN
10
373.177852
20
93.421062
30
0.000000
11
373.177852
21
76.597300
31
0.000000
0
TEXT
8
TEXT
10
107.500000
20
162.000000
30
0.000000
40
4.000000
1
\U+4E3B\U+89C6\U+56FE
0
TEXT
8
TEXT
10
107.500000
20
24.000000
30
0.000000
40
4.000000
1
\U+4FEF\U+89C6\U+56FE
0
TEXT
8
TEXT
10
270.000000
20
162.000000
30
0.000000
40
4.000000
1
\U+5DE6\U+89C6\U+56FE
0
TEXT
8
TEXT
10
307.500000
20
24.000000
30
0.000000
40
4.000000
1
\U+8F74\U+6D4B\U+56FE
0
TEXT
8
TEXT
10
295.000000
20
275.000000
30
0.000000
40
5.000000
1
\U+6CD5\U+5170\U+76D8
0
TEXT
8
TEXT
10
295.000000
20
267.000000
30
0.000000
40
3.500000
1
\U+6750\U+6599: \U+94DD\U+5408\U+91D1 6061   \U+6BD4\U+4F8B: 1:1
0
ENDSEC
0
EOF
